Node,Input,Season,Availability Factor PV Plant A Block 1,Availability Factor PV Plant B Block 1,Availability Factor PV Rooftop Block 1,Availability Factor Wind Onshore A Block 1,Availability Factor Wind Onshore B Block 1,Availability Factor Wind Offshore Block 1,Availability Factor Hydropower Block 1,Availability Factor PV Plant A Block 2,Availability Factor PV Plant B Block 2,Availability Factor PV Rooftop Block 2,Availability Factor Wind Onshore A Block 2,Availability Factor Wind Onshore B Block 2,Availability Factor Wind Offshore Block 2,Availability Factor Hydropower Block 2,Availability Factor PV Plant A Block 3,Availability Factor PV Plant B Block 3,Availability Factor PV Rooftop Block 3,Availability Factor Wind Onshore A Block 3,Availability Factor Wind Onshore B Block 3,Availability Factor Wind Offshore Block 3,Availability Factor Hydropower Block 3,Availability Factor PV Plant A Block 4,Availability Factor PV Plant B Block 4,Availability Factor PV Rooftop Block 4,Availability Factor Wind Onshore A Block 4,Availability Factor Wind Onshore B Block 4,Availability Factor Wind Offshore Block 4,Availability Factor Hydropower Block 4,Availability Factor PV Plant A Block 5,Availability Factor PV Plant B Block 5,Availability Factor PV Rooftop Block 5,Availability Factor Wind Onshore A Block 5,Availability Factor Wind Onshore B Block 5,Availability Factor Wind Offshore Block 5,Availability Factor Hydropower Block 5,Availability Factor Nuclear
PAC,Renewable Hydrogen,L,0,0.074370533804512,0,0.0420141883730635,0.0415955220034807,0.0653149683791936,0.151249830979428,0.102622437751916,0.0945226712023337,0.115831670385891,0.164863749892673,0.196978829370707,0.186050983435773,0,0.140497322272639,0.122838585845373,0.142219695624763,0.216925787272726,0.254128776526328,0.134491475838604,0,0.148513831189451,0.154607283764644,0.154674640825643,0.244282614825527,0.309577556516412,0.39039286308581,0,0,0,0,0.292487712792519,0.358123345091488,0.393793852292002,0,0
SWA,Renewable Hydrogen,L,0.0411855008385769,0.0244664941206223,0.0411485612805738,0.049979099272895,0.0454124590496785,0.0934637025429836,0.395780693665428,0.0748133107173421,0.0970750258470231,0.0801086721882148,0.152375533927434,0.140859331063683,0.0875456669335368,0,0.12159288611235,0.110789155366945,0.132887503311698,0.209516504868885,0.20705989670969,0.190825843174504,0,0.134837174528312,0.117851842729031,0.147975556368052,0.272418324891398,0.255954072766726,0.295652856970082,0,0.185116490472434,0.186454280118158,0,0.381162479264116,0.345189612195326,0.42489184949612,0,0
SEA,Renewable Hydrogen,L,0.0328151170931982,0.026434931999328,0.0455626344302424,0.0662512276281463,0.0581384649790985,0.0734340683639656,0.235119503204597,0.0647025193328964,0.0587046238572542,0.0734824810898513,0.139725089349725,0.154066407448877,0.0740427259444896,0,0.121047416954494,0.119707523362168,0.122189575433537,0.213241307354265,0.211077225527414,0.216642926038635,0,0.148491674249455,0.134668686642026,0.152188196731528,0.267372201532401,0.259810679966924,0.171181103291516,0,0.184390055153584,0,0.182770953110841,0.353956289433384,0.347447739137328,0.281856275868151,0,0
SEE,Renewable Hydrogen,L,0,0,0,0.0629417532787394,0.0519973079978478,0.0903109616948475,0.145528093386467,0.161704110565697,0,0.161788238634446,0.127558744797039,0.138647257032485,0.168209252038962,0,0.17538482919137,0,0.176998706831064,0.177143270213179,0.178553717693079,0.20086475573431,0,0.199321473142244,0.202618155948038,0.197774748781391,0.231071604947059,0.223023456350487,0.278712661012525,0,0,0,0,0.288702769206869,0.291553650838329,0.332914982227054,0,0
IND,Renewable Hydrogen,L,0,0,0,0.0896392548033385,0.0550443985800952,0.124532477343009,0.373373713547749,0.113036783557039,0.108571690867018,0.11049531609317,0.192139873509332,0.178546631212596,0.196727898607559,0,0.134256209760506,0.120970593683203,0.128574205285184,0.266994960824687,0.227121281102822,0.249546451271331,0,0.149621968986773,0.160872677097374,0.146899779688331,0.312657700320788,0.253266360554868,0.394649272561984,0,0.182439530308908,0.203327992623553,0.179581952271234,0.318942507636867,0.321353202774653,0.287755659161714,0,0
CHN,Renewable Hydrogen,L,0.118824149090332,0,0.119637339455682,0.0786369107591981,0.0982197982614204,0.130258252385632,0.46610726317667,0.130212841012502,0.110686477627351,0.130587945136004,0.146938760359207,0.168896935789982,0.195032645337119,0,0.151918222151049,0.162354776488335,0.148316960497542,0.197829655648295,0.209120704451887,0.136101153200842,0,0.175318372452457,0.183468339071955,0.165393393660275,0.253588103570504,0.259356230030528,0.176616441679701,0,0.19530356567205,0.195869772546817,0.197732615821851,0.303430762922697,0.296243693487621,0.127767129974446,0,0
LEV,Renewable Hydrogen,L,0,0,0,0.0933012606150756,0.103807204869612,0.100938218947576,0.445120203995462,0,0,0,0.160318461230988,0.151956260754827,0.149458213212819,0,0,0,0,0.230655773922152,0.211089989910977,0.274780400845908,0,0.207741568751992,0.207400889587501,0.202092773730447,0.299358343162005,0.279288160298563,0.332948377023848,0,0.2095421353111,0.210705491623419,0.20793977321262,0.385851100201237,0.36733970749912,0.473158922316493,0,0
EAF,Renewable Hydrogen,L,0,0,0,0.0679546742944933,0.0777442216047049,0.122478777604601,0.236132370713663,0.0793114142015968,0.0823449613113662,0.0788910339905197,0.152018771648797,0.155182924568495,0.160939992101655,0,0.118947691388145,0.113104940125773,0.131061615519012,0.209029014255475,0.213056023937085,0.293561411603374,0,0.15593584444882,0.154218676785653,0.152947531851972,0.276977659506196,0.275821005977833,0.310395222279966,0,0.178720117833847,0.181317818031155,0.180292787637344,0.352044763079604,0.339114397048245,0.269990462229439,0,0
IRN,Renewable Hydrogen,L,0,0,0,0.0940638238718634,0.118990449978917,0.150787628633259,0.200755058510007,0,0,0,0.176589417910775,0.192347050748922,0.145842304814891,0,0.172167476905419,0,0.165027101398241,0.240840722670806,0.253893988425505,0.184980040902727,0,0.200694431387194,0.204684517660985,0.185332223994843,0.300864046497428,0.313929897048747,0,0,0.205086420045439,0.206708833831644,0.189295979686306,0.375805130697198,0.410933025055143,0,0,0
SWE,Renewable Hydrogen,L,0,0,0,0.0572968921412115,0.0706277262538985,0.0965654625964933,0.124578484251832,0.163336076660189,0,0.161935453753077,0.10602718925518,0.0870034456470463,0.153736766310504,0,0.175226366666891,0.182135923850564,0.174986934987115,0.142236481585054,0.149698700069165,0.220036750527051,0,0.19191502452229,0.181178820651586,0.191917938291986,0.177683511370712,0.231448574106906,0.188988921650146,0,0.199288994609508,0,0.198389957743524,0.241635797501085,0.300321478592293,0.165966095636098,0,0
JSK,Renewable Hydrogen,L,0,0,0,0.0811535423825032,0,0.115774791204829,0.181107063374777,0.133592789667466,0,0.134348586216386,0.127249019593736,0,0.19239547795423,0,0.1449027237735,0,0.143788931484953,0.173846843813044,0,0.241776286316002,0,0,0,0,0.219505007072805,0,0.275789760673543,0,0,0,0,0.270443543026322,0.329829478368616,0.316704702208968,0,0
NAF,Renewable Hydrogen,L,0,0,0,0.0829169783354163,0.135025099875702,0.121388087908748,0.0500454725952156,0,0,0,0.141944145886876,0.17836729628168,0.192450747697944,0,0,0,0,0.204084161191308,0.229221660764411,0.193878027882868,0,0.192737811630217,0.197598032365519,0.188673587083525,0.269823769035351,0.291324315828752,0.315515249600075,0,0.204516010754848,0.205860717848115,0.200692820604568,0.32500765932406,0.347358021367646,0.421922733242814,0,0
CEA,Renewable Hydrogen,L,0,0,0,0.0556140391859092,0.0685271638022481,0.0863405535594829,0.357902859875041,0.118637876050115,0.120702095191653,0.120368186507842,0.125070747731574,0.140682646984905,0.133747072959143,0,0.148737994578476,0.143304290469036,0.150371962631308,0.180373752869945,0.202373919780116,0.120529190540152,0,0.171926819661674,0.180249570900305,0.168731855430235,0.253686503428503,0.272142230269764,0.161467066710603,0,0.198674336801074,0.201010802186453,0.192792533668642,0.301993705942185,0.339723280658382,0.316293482700968,0,0
WAF,Renewable Hydrogen,L,0,0,0,0.062607616466772,0.0525185587326137,0.0689329884156901,0.38911289380648,0.105912680010425,0.105467327095476,0.105958983037043,0.12085075182013,0.140789514817158,0.147378392280964,0,0.125697540025341,0.131069968712987,0.122895527861782,0.153370230782345,0.163578121735908,0.22674723341011,0,0.149222384485817,0.148370406134397,0.150867457088433,0.213481207804501,0.207268576380524,0.313694478280847,0,0.179431960883144,0.187491546784383,0.173795416136299,0.304247969842959,0.317051675681742,0.407874196484798,0,0
EAS,Renewable Hydrogen,L,0,0,0,0.0712662953299479,0.0479734764741762,0.0922079961834313,0.489702193864913,0.12483622096295,0.108096620202248,0.126161670272746,0.162082541746588,0.154465345714539,0.116900636883343,0,0.131803856569778,0.12199138267664,0.130646236767262,0.202554419855376,0.207943101497935,0.10020114131182,0,0.143128508720081,0.147630709307165,0.14239397457603,0.271878844071902,0.257791484490232,0.0757356575271199,0,0.167865317941439,0.177537653016556,0,0.336666487088264,0.334648772264096,0.213241653274819,0,0
EAE,Renewable Hydrogen,L,0.152407660096764,0,0.152499978425022,0.0655607679874142,0,0.118924553215537,0.138555592477952,0.16436806664096,0.169274271021466,0.163883068373477,0.117186168199362,0.120556828435416,0.17295293537379,0,0.176755925117454,0.184983978032172,0.173762667182707,0.164395801764955,0.168745278947864,0.174365471143245,0,0,0,0,0.204180721828191,0.209973598031784,0.205449191857636,0,0,0,0,0.244819485593637,0.26226756845,0.259315237603636,0,0
RUS,Renewable Hydrogen,L,0.141820248624312,0.13990968847895,0.142822800968221,0.0714675334885379,0.0853678405647789,0.130066986954794,0.426432857140516,0.162640040163381,0.154721166506706,0.159726516470059,0.140053753426745,0.132706128719095,0.196453304308431,0,0.174853191353532,0.169641080586099,0.17207099717777,0.184956882917384,0.178602963098547,0.203050925652837,0,0.187051131745573,0.191971212739796,0.192867370253261,0.234340608345641,0.242591733070402,0.280164964361569,0,0,0,0,0.284454812345724,0.28306035461167,0.209161295071572,0,0
SAF,Renewable Hydrogen,L,0.0460342657418141,0.0415460523616668,0.0492210357730978,0.0871466510853871,0.103388195490732,0.180585028059455,0.0367934863453821,0.0592255581607956,0.052660862732136,0.0642755225880471,0.151476827643171,0.15783604260769,0.223133964785301,0,0.0835957863300234,0.0861339976276704,0.0794830065026682,0.205827631453185,0.202756769436642,0.249055363317447,0,0.115316237247528,0.108775349721192,0.119325545946498,0.262833011418293,0.259995873693162,0.257015006193691,0,0,0,0,0.337730167670037,0.333245766559611,0.331470522602136,0,0
GLF,Renewable Hydrogen,L,0,0,0,0.106936578274744,0.107291267199432,0.115216895145348,0,0,0,0,0.177515333290906,0.177997942051011,0.143433706192393,0,0,0,0,0.22331055536777,0.228690799745197,0.290172982861332,0,0.173421599628836,0.169290506878457,0.164952159965034,0.277291982055828,0.305959513469474,0.287670317048693,0,0.199783018411823,0.195107424141562,0.185372691979173,0.340845757341289,0.414242375903718,0.356472440797208,0,0
CAS,Renewable Hydrogen,L,0,0,0,0.079213044031227,0.0916996491223204,0.121180239798526,0.575270110478692,0.155053004015846,0.155992629619238,0.156714445017383,0.174322227611966,0.176619321899001,0.221441075079237,0,0.17984375977605,0.181249926004998,0.184733664471565,0.226800663570092,0.224624811955701,0.259864768409578,0,0.199562598865853,0.199990729362356,0.198932659576474,0.278223571284716,0.264177036372684,0.317969779099822,0,0.212772317915661,0.21562789799182,0.210532310592342,0.340894306400471,0.337734055696031,0.304772944470372,0,0
CEE,Renewable Hydrogen,L,0,0,0,0.0528998394222791,0,0.0684646274512603,0.233819889702236,0.161974820916142,0,0.161261190980964,0.0989586119480917,0,0.158846700112917,0,0.16417301599526,0,0.165535697582502,0.136589442074744,0,0,0,0,0,0,0.188480415200398,0,0.279405022164287,0,0,0,0,0.249658449745677,0,0.125370638150963,0,0
NOE,Renewable Hydrogen,L,0.129634209137404,0.124223880566162,0.14189300988716,0.082223588082936,0.0880548900449853,0.12355717743428,0.229737936063366,0.161231256698965,0.15548708896095,0.164384193524735,0.132801359657058,0.13612548202128,0.170966759188855,0,0,0,0,0.172701564749976,0.177009886934714,0.240773481178363,0,0,0,0,0.216697029329562,0.230096500721162,0.278213443097,0,0,0,0,0.278251655750652,0.289658086832466,0.237257570411993,0,0
BRI,Renewable Hydrogen,L,0.126299664568053,0.122346273941205,0.130995088170394,0.084323597128573,0,0,0.0633412860456312,0.143017287599602,0.137837759025059,0.14413155232233,0.126338252259413,0.132336444505075,0.147569602439678,0,0,0,0,0.168811971154216,0.181402270473542,0.25938245441664,0,0.18042740806315,0,0.199108959275695,0.19965843066703,0.221612443055968,0.240133301174489,0,0,0,0,0.254342636704935,0.298076444105295,0.194805508297943,0,0
USA,Renewable Hydrogen,L,0.129169622079508,0.124626050009564,0.137886238403611,0.0856026844805941,0.0937672952211113,0.0521329087201868,0.15116108819004,0.149436308979262,0.150229969612328,0.150351762618958,0.127151223154632,0.150295218701999,0.0767908267446552,0,0.168755004007457,0.183626778216163,0.160064618697475,0.173843973932538,0.187826905243654,0.118627075172153,0,0.193863819592001,0.198781691998034,0.191682743985274,0.232009407586873,0.231742758920424,0.230523567674209,0,0.213116437881089,0.21573117006687,0.21189532750696,0.289284701160941,0.28412136344068,0.241060575484121,0,0
CAN,Renewable Hydrogen,L,0.144928721259564,0.142291515587144,0,0.070602701953651,0.0869098405254935,0.127936292548821,0.59391597321208,0.157420729711826,0.154200794308469,0.15921255816425,0.136616885067763,0.144761160713351,0.227721133798638,0,0.177441031365887,0.176946215580784,0.1709096353485,0.186022218910188,0.194965620787879,0.265353475390199,0,0.189568312219389,0.190293531194705,0.189779521422527,0.235318332021973,0.251406982606716,0.296063141417379,0,0,0,0,0.287298933905645,0.316479826425871,0.31911702938048,0,0
ANZ,Renewable Hydrogen,L,0.0322101327856035,0.0308759093185815,0.034065764760764,0.0946028753997405,0.102222067057081,0.124601558908781,0.264845427546803,0.0489394514956816,0.0524308914179924,0.057791445088266,0.155344277145441,0.153696781518587,0.173240379843378,0,0.0996992345090627,0.0942577319749196,0.0976782075643686,0.220363946171985,0.216016528109991,0.246587953287338,0,0.134264679997742,0.134757822398583,0.141251148034052,0.27902828476905,0.263773685525497,0.294648718296546,0,0,0,0,0.343023885959923,0.344143382112451,0.353989073102247,0,0
PAC,Renewable Hydrogen,H,0,0.119128052236579,0,0.0382960698730112,0.0335752229572342,0.0570494579273363,0.233113876644107,0.131812550323691,0.140876517509968,0.130903425670681,0.133235657341236,0.0970358474076072,0.19271436810286,0,0.141107910482568,0.146133418046181,0.146113310604384,0.199822292495053,0.144753422900646,0.129406883696863,0,0.17144953453795,0.172667585587156,0.165422062861501,0.2912015698755,0.19843142695005,0.190211162791684,0,0,0,0,0.395038139510189,0.289075358055794,0.444927704912225,0,0
SWA,Renewable Hydrogen,H,0.133542978698441,0.121336733696191,0.136468693324705,0.0541231521234239,0.0595652267605609,0.10157343947014,0.325818311732583,0.155414337106487,0.145278544340155,0.148078237537443,0.142174860769564,0.14391040592406,0.0984115555368212,0,0.162709689468524,0.168687878774226,0.148470127108716,0.187185143669741,0.188721648712362,0.195058112056712,0,0.190079884944118,0.213151681535896,0.175542461958736,0.238470822870002,0.242436438245074,0.306453063950405,0,0.186490409193959,0.186936843875656,0,0.338139582126061,0.381036727647097,0.428351508750088,0,0
SEA,Renewable Hydrogen,H,0.14986191855731,0.144167501848909,0.142496519165155,0.0581904169723672,0.0458420697672362,0.0886481072048863,0.480946239734908,0.1561383653748,0.161593805303818,0.150858821357186,0.123402804902865,0.122603571863949,0.0883894998523371,0,0.159887304188654,0.160280604783094,0.161934737897796,0.188690681532137,0.193610086410319,0.209522853081823,0,0.175322324729892,0.184522759810335,0.171163244423007,0.250850766500797,0.267715120434441,0.162412254215653,0,0.18706794428625,0,0.187396365108269,0.333363583553472,0.3583481278558,0.283170193270633,0,0
SEE,Renewable Hydrogen,H,0,0,0,0.0839355701143791,0.0582894077952631,0.146578677573882,0.259039965686749,0.0836870274737674,0,0.0808910065562984,0.161937923284469,0.226046392007962,0.264303617083721,0,0.101275378214739,0,0.100590766517769,0.221358587953671,0.277256157229207,0.292522891598414,0,0.128570603355081,0.125321775180281,0.125975679575947,0.276379755432021,0.325617461890511,0.353244441431702,0,0,0,0,0.332103419652454,0.345248112864634,0.390893197023565,0,0
IND,Renewable Hydrogen,H,0,0,0,0.0410869343648798,0.045374891544726,0.0551694612613433,0.0660971423845759,0.125769087526005,0.131296237252522,0.131698692194395,0.0743821266499381,0.0935191155458253,0.0874299215127248,0,0.158458647027022,0.150196432446421,0.163192905122016,0.118170207028953,0.167993590521457,0.131302130444032,0,0.186379169618722,0.189970995940867,0.182990008949684,0.182740359157572,0.260259388281031,0.220064681474423,0,0.193647885436113,0.196461211648783,0.188928009958289,0.332575223910756,0.359847136570826,0.202845847104971,0,0
CHN,Renewable Hydrogen,H,0.0705429769693503,0,0.0697034459813645,0.0690765184594125,0.0780775680393495,0.141343231283287,0.0943264045277704,0.102652620385961,0.135061350307945,0.0973888197827979,0.153088553024348,0.143029164085879,0.222149269766196,0,0.138931586621607,0.133048644007177,0.135639122225939,0.223955987214514,0.219629662525,0.149955092621528,0,0.154800152128068,0.157362449652763,0.154378070490424,0.28347650007899,0.287379143463933,0.211778284099765,0,0.185134450684479,0.193852662407146,0.170990035656614,0.368699980577058,0.372970772575517,0.207886233614783,0,0
LEV,Renewable Hydrogen,H,0,0,0,0.0991000865888316,0.10533684837539,0.153282807584374,0.165503260740318,0,0,0,0.144125165528301,0.146277091675241,0.191249406343507,0,0,0,0,0.182398091882935,0.195833145755496,0.196299862401486,0,0.143415242779869,0.15494860206545,0.140391997655717,0.220421329267212,0.240963436869842,0.288706019604123,0,0.175331191978305,0.185948994725822,0.178314923985203,0.274042137650114,0.294626099617561,0.323711522115483,0,0
EAF,Renewable Hydrogen,H,0,0,0,0.0664383591137381,0.0743254924895388,0.0873519978119013,0.454491302888142,0.157927844208005,0.160453750353049,0.155866357129249,0.140687094041939,0.139349855014918,0.156760008901033,0,0.170358108805639,0.17429854836252,0.161361137199168,0.205970515715515,0.198392441607785,0.242329852211278,0,0.182615078211333,0.185609026881489,0.180178349193836,0.272066758299231,0.277608717790164,0.340626090971546,0,0.205456327255423,0.204212783569016,0.205809036039438,0.368346883111139,0.398069969542301,0.352156801856008,0,0
IRN,Renewable Hydrogen,H,0,0,0,0.0674260134905351,0.0686436018302945,0.102749655333332,0.171098968111618,0,0,0,0.131898924080174,0.12046801922055,0.0816233000286256,0,0.118618410349176,0,0.11837522562179,0.178135529386673,0.166068918211021,0.0828072037197592,0,0.146784237511963,0.154052366562546,0.164870802572525,0.21793652673156,0.213622190991281,0,0,0.180508552142712,0.182449210332195,0.185937810204714,0.267636475547188,0.239005596270313,0,0,0
SWE,Renewable Hydrogen,H,0,0,0,0.111248865694605,0.19394268106633,0.168826394937237,0.196065194402053,0.0788647962517193,0,0.0785453123529778,0.19832960131841,0.219276196292693,0.252733662506722,0,0.0985653048845412,0.113446767383539,0.0996640770022022,0.261515894756338,0.251334845667121,0.263507098991488,0,0.130050607441123,0.127053977774888,0.131646660102864,0.318749911499098,0.278620853217485,0.303993421052566,0,0.167953076365888,0,0.168346915986163,0.366393663083231,0.390778340821955,0.243014086445545,0,0
JSK,Renewable Hydrogen,H,0,0,0,0.1075215893758,0,0.156521491773328,0.0940950110368057,0.111603240923966,0,0.110234620536372,0.175700431860082,0,0.245911699842979,0,0.130339114265751,0,0.127846084669934,0.23745681845296,0,0.281725904864303,0,0,0,0,0.299310289062347,0,0.332070049998581,0,0,0,0,0.362267599200893,0.384597496169961,0.408435591129491,0,0
NAF,Renewable Hydrogen,H,0,0,0,0.11588740065016,0.120765513109745,0.168767269963586,0.173991940473845,0,0,0,0.190609706387177,0.175002307376665,0.233083821482917,0,0,0,0,0.239758042372551,0.225742794096753,0.251719424462982,0,0.152514232340764,0.162480830597246,0.141334071409191,0.284120539627446,0.275897879848492,0.26783611786631,0,0.175611927552009,0.178904521987005,0.168394639838587,0.323673608059988,0.310199891012227,0.313936704187338,0,0
CEA,Renewable Hydrogen,H,0,0,0,0.0705263240575961,0.0790522118882103,0.142241206382202,0.101841421154046,0.128420883097825,0.126408995731731,0.130049331741468,0.162073154870823,0.147940551146114,0.194026502319286,0,0.137611437823317,0.137408471326608,0.138328132699082,0.225906988289634,0.196956489170814,0.151663075167431,0,0.163048591143879,0.157268327386461,0.170667413737964,0.288967202260767,0.250242996939981,0.181489558867534,0,0.183017097819233,0.181595668299445,0.182516511141653,0.41738595388481,0.312793511243157,0.4285708866794,0,0
WAF,Renewable Hydrogen,H,0,0,0,0.0561331849730965,0.0447067806544957,0.0469400868309811,0.225168140420518,0.135406929343999,0.136270551561597,0.139379242310844,0.152728244180509,0.150994441278662,0.15402207463618,0,0.158707857133844,0.168047377027147,0.15761375523779,0.224256850183266,0.235747260224279,0.314090829234968,0,0.190208511750439,0.190119164944177,0.188923112016135,0.312985036194039,0.313086183208568,0.40984842963267,0,0.200674792446197,0.201192873460947,0.20384586453847,0.400448132956752,0.389095602636384,0.421702048992706,0,0
EAS,Renewable Hydrogen,H,0,0,0,0.0484408488924587,0.033150820870259,0.0447707311011742,0.0965989811364,0.105839054333466,0.126668229643146,0.0964006920911579,0.123770045780681,0.142601080920009,0.126295826317415,0,0.161779489256521,0.157319202781787,0.162329437841005,0.224109137930198,0.217827048435217,0.11900540426351,0,0.177581087479607,0.191726297644565,0.17258499452829,0.29417519821503,0.284914373558361,0.0884641523183162,0,0.208249718587365,0.212296294790517,0,0.368715531231684,0.38780785439458,0.256025681596074,0,0
EAE,Renewable Hydrogen,H,0.0423715864616451,0,0.0419201133641582,0.0907137882769207,0,0.231118709766935,0.129152404745309,0.0677937485439229,0.0634702409695642,0.0697970765964888,0.166847731228553,0.151968941141168,0.294928265763779,0,0.082745926462564,0.0769930987668605,0.0865073085981828,0.224995175454344,0.215287710367803,0.27728485190506,0,0,0,0,0.263443439057861,0.269147796166518,0.275055316631604,0,0,0,0,0.305745167481764,0.313837090265505,0.302068430729991,0,0
RUS,Renewable Hydrogen,H,0.0399253331921868,0.0374290228642817,0.041554774199461,0.0746207208795212,0.0928040824787635,0.182002481630052,0.0705570316911581,0.0655356983502418,0.0698965042295099,0.0628946110551281,0.165734464391429,0.167123023648766,0.242294231666401,0,0.0938665037889408,0.101651728066801,0.0978836311810409,0.219786423864607,0.218558477483377,0.251951097872933,0,0.134974320702255,0.131493571805765,0.133942344969886,0.278847647698804,0.292599085804243,0.342623462840264,0,0,0,0,0.34142488990262,0.352178193706749,0.268031694211677,0,0
SAF,Renewable Hydrogen,H,0.14507902943522,0.153368281449114,0.140992031548276,0.0967129861362464,0.106795447130396,0.106491878173767,0.186612490696417,0.170586179733436,0.18328399483084,0.160607861868761,0.159434774721555,0.155895369931107,0.192795608814715,0,0.186502192764683,0.197090285524767,0.180149752964854,0.214035778183791,0.209666946831091,0.304765645279185,0,0.205350211283322,0.206796784214654,0.20948274811851,0.26295224203059,0.261251744929092,0.316222762060599,0,0,0,0,0.313256492573702,0.302903859794154,0.391883852013369,0,0
GLF,Renewable Hydrogen,H,0,0,0,0.0737852079989924,0.0796989499860743,0.0896022778788701,0,0,0,0,0.143795113082817,0.131950947114698,0.124524238793609,0,0,0,0,0.197661399857558,0.192137754841245,0.179531772778947,0,0.183463307056976,0.18844324699993,0.185169354011149,0.248042029968897,0.223914257235289,0.147866651541145,0,0.189716294053012,0.197660419553008,0.193078480262271,0.306531516530668,0.253052820996563,0.462232362968135,0,0
CAS,Renewable Hydrogen,H,0,0,0,0.0658767463081232,0.0685827778427326,0.143220976218017,0.0549941610541757,0.0783343211622817,0.079157548142763,0.0789960731775347,0.14570491984396,0.142205146336014,0.244818246844014,0,0.0999897221361588,0.0964459745698681,0.108745242149299,0.200441402437253,0.214071054473883,0.286477230388222,0,0.132940139557856,0.124464557729977,0.133030707787714,0.268810531807909,0.278051924000956,0.334398411430019,0,0.181014504896674,0.180371707520653,0.177725023965196,0.318216712031996,0.328021974384064,0.320481047706848,0,0
CEE,Renewable Hydrogen,H,0,0,0,0.0899286469875078,0,0.130310807999828,0.153779663291469,0.0719800765446888,0,0.073841324619505,0.184359583502518,0,0.234711227843757,0,0.101750862279791,0,0.0921553092638306,0.244358285659814,0,0,0,0,0,0,0.306716565337866,0,0.375320173506041,0,0,0,0,0.357517399737082,0,0.170556420918128,0,0
NOE,Renewable Hydrogen,H,0.0395471298593134,0.0336914852004845,0.0414533977298745,0.0946241738510309,0.0968300816948222,0.17901317284852,0.519187629298656,0.0523892257521709,0.0513905683040442,0.0523211473005192,0.162072208503713,0.155503714621405,0.235963076719968,0,0,0,0,0.214125663983559,0.208848067604876,0.295528676740175,0,0,0,0,0.275622880399756,0.286684353687005,0.328461080330591,0,0,0,0,0.362651282524265,0.371492021786089,0.297899457954264,0,0
BRI,Renewable Hydrogen,H,0.057790995473575,0.0509795696745411,0.0573436297218401,0.138036431373562,0,0,0.240968658480276,0.0664962938319967,0.0600916241634892,0.0668453447297178,0.209236496436665,0.208190083885276,0.296749780603992,0,0,0,0,0.268394341297187,0.270943572810732,0.269156011204853,0,0.173444873683599,0,0.139872532664236,0.334481372776131,0.32759686880685,0.413624036487735,0,0,0,0,0.403257857999464,0.419014240339568,0.297335604841496,0,0
USA,Renewable Hydrogen,H,0.0499584274160318,0.0402450136000296,0.0538692869991002,0.0941078030341708,0.0969301600685784,0.0843040858767601,0.241732125347028,0.0877822831072377,0.0578410590097311,0.0931319360661793,0.175166660939896,0.160574357486547,0.154326356943368,0,0.115435930334327,0.118921424324009,0.114661339189237,0.237565001658474,0.225163113850202,0.179363884922152,0,0.139814655223508,0.134940574115735,0.14870037563834,0.295306144206587,0.294965478963035,0.313182482991179,0,0.168821283183434,0.165409503745071,0.167127989068324,0.339839111309327,0.361142356980445,0.31999878284107,0,0
CAN,Renewable Hydrogen,H,0.040466329148244,0.0419421959587976,0,0.0847853141439596,0.0850203872386716,0.158286027176453,0.162858053780166,0.0796445578662448,0.0699574730567014,0.0843634115501431,0.17289799351957,0.156639645900628,0.226064402039632,0,0.101961168391218,0.0982491047321063,0.0959689176322488,0.232262292699806,0.213351682150045,0.265438787094405,0,0.119913706088125,0.120289326054045,0.119129521919368,0.292410816582215,0.279966893570806,0.338963446433496,0,0,0,0,0.366068795832317,0.346947001494222,0.38112329801506,0,0
ANZ,Renewable Hydrogen,H,0.13625962655054,0.131600537874044,0.134795675388613,0.0898568456672122,0.0894136541485369,0.122370697050966,0.166382556670058,0.163652622152472,0.17047957856109,0.159952196345261,0.150111283213231,0.149231224385568,0.162575400539677,0,0.173177994353298,0.182422909770211,0.168440881295653,0.203867380086646,0.218468734163854,0.239370026447811,0,0.178958869135362,0.178185763755931,0.171028329697383,0.243372186892205,0.266961867723653,0.24372797362285,0,0,0,0,0.285751121203699,0.316003335091924,0.307443706584116,0,0
PAC,Nuclear Hydrogen,L,0,0,0,0,0,0,0,0,0,0,0,0,0,0,0,0,0,0,0,0,0,0,0,0,0,0,0,0,0,0,0,0,0,0,0,0.63
SWA,Nuclear Hydrogen,L,0,0,0,0,0,0,0,0,0,0,0,0,0,0,0,0,0,0,0,0,0,0,0,0,0,0,0,0,0,0,0,0,0,0,0,0.63
SEA,Nuclear Hydrogen,L,0,0,0,0,0,0,0,0,0,0,0,0,0,0,0,0,0,0,0,0,0,0,0,0,0,0,0,0,0,0,0,0,0,0,0,0.63
SEE,Nuclear Hydrogen,L,0,0,0,0,0,0,0,0,0,0,0,0,0,0,0,0,0,0,0,0,0,0,0,0,0,0,0,0,0,0,0,0,0,0,0,0.63
IND,Nuclear Hydrogen,L,0,0,0,0,0,0,0,0,0,0,0,0,0,0,0,0,0,0,0,0,0,0,0,0,0,0,0,0,0,0,0,0,0,0,0,0.63
CHN,Nuclear Hydrogen,L,0,0,0,0,0,0,0,0,0,0,0,0,0,0,0,0,0,0,0,0,0,0,0,0,0,0,0,0,0,0,0,0,0,0,0,0.63
LEV,Nuclear Hydrogen,L,0,0,0,0,0,0,0,0,0,0,0,0,0,0,0,0,0,0,0,0,0,0,0,0,0,0,0,0,0,0,0,0,0,0,0,0.63
EAF,Nuclear Hydrogen,L,0,0,0,0,0,0,0,0,0,0,0,0,0,0,0,0,0,0,0,0,0,0,0,0,0,0,0,0,0,0,0,0,0,0,0,0.63
IRN,Nuclear Hydrogen,L,0,0,0,0,0,0,0,0,0,0,0,0,0,0,0,0,0,0,0,0,0,0,0,0,0,0,0,0,0,0,0,0,0,0,0,0.63
SWE,Nuclear Hydrogen,L,0,0,0,0,0,0,0,0,0,0,0,0,0,0,0,0,0,0,0,0,0,0,0,0,0,0,0,0,0,0,0,0,0,0,0,0.63
JSK,Nuclear Hydrogen,L,0,0,0,0,0,0,0,0,0,0,0,0,0,0,0,0,0,0,0,0,0,0,0,0,0,0,0,0,0,0,0,0,0,0,0,0.63
NAF,Nuclear Hydrogen,L,0,0,0,0,0,0,0,0,0,0,0,0,0,0,0,0,0,0,0,0,0,0,0,0,0,0,0,0,0,0,0,0,0,0,0,0.63
CEA,Nuclear Hydrogen,L,0,0,0,0,0,0,0,0,0,0,0,0,0,0,0,0,0,0,0,0,0,0,0,0,0,0,0,0,0,0,0,0,0,0,0,0.63
WAF,Nuclear Hydrogen,L,0,0,0,0,0,0,0,0,0,0,0,0,0,0,0,0,0,0,0,0,0,0,0,0,0,0,0,0,0,0,0,0,0,0,0,0.63
EAS,Nuclear Hydrogen,L,0,0,0,0,0,0,0,0,0,0,0,0,0,0,0,0,0,0,0,0,0,0,0,0,0,0,0,0,0,0,0,0,0,0,0,0.63
EAE,Nuclear Hydrogen,L,0,0,0,0,0,0,0,0,0,0,0,0,0,0,0,0,0,0,0,0,0,0,0,0,0,0,0,0,0,0,0,0,0,0,0,0.63
RUS,Nuclear Hydrogen,L,0,0,0,0,0,0,0,0,0,0,0,0,0,0,0,0,0,0,0,0,0,0,0,0,0,0,0,0,0,0,0,0,0,0,0,0.63
SAF,Nuclear Hydrogen,L,0,0,0,0,0,0,0,0,0,0,0,0,0,0,0,0,0,0,0,0,0,0,0,0,0,0,0,0,0,0,0,0,0,0,0,0.63
GLF,Nuclear Hydrogen,L,0,0,0,0,0,0,0,0,0,0,0,0,0,0,0,0,0,0,0,0,0,0,0,0,0,0,0,0,0,0,0,0,0,0,0,0.63
CAS,Nuclear Hydrogen,L,0,0,0,0,0,0,0,0,0,0,0,0,0,0,0,0,0,0,0,0,0,0,0,0,0,0,0,0,0,0,0,0,0,0,0,0.63
CEE,Nuclear Hydrogen,L,0,0,0,0,0,0,0,0,0,0,0,0,0,0,0,0,0,0,0,0,0,0,0,0,0,0,0,0,0,0,0,0,0,0,0,0.63
NOE,Nuclear Hydrogen,L,0,0,0,0,0,0,0,0,0,0,0,0,0,0,0,0,0,0,0,0,0,0,0,0,0,0,0,0,0,0,0,0,0,0,0,0.63
BRI,Nuclear Hydrogen,L,0,0,0,0,0,0,0,0,0,0,0,0,0,0,0,0,0,0,0,0,0,0,0,0,0,0,0,0,0,0,0,0,0,0,0,0.63
USA,Nuclear Hydrogen,L,0,0,0,0,0,0,0,0,0,0,0,0,0,0,0,0,0,0,0,0,0,0,0,0,0,0,0,0,0,0,0,0,0,0,0,0.63
CAN,Nuclear Hydrogen,L,0,0,0,0,0,0,0,0,0,0,0,0,0,0,0,0,0,0,0,0,0,0,0,0,0,0,0,0,0,0,0,0,0,0,0,0.63
ANZ,Nuclear Hydrogen,L,0,0,0,0,0,0,0,0,0,0,0,0,0,0,0,0,0,0,0,0,0,0,0,0,0,0,0,0,0,0,0,0,0,0,0,0.63
PAC,Nuclear Hydrogen,H,0,0,0,0,0,0,0,0,0,0,0,0,0,0,0,0,0,0,0,0,0,0,0,0,0,0,0,0,0,0,0,0,0,0,0,0.63
SWA,Nuclear Hydrogen,H,0,0,0,0,0,0,0,0,0,0,0,0,0,0,0,0,0,0,0,0,0,0,0,0,0,0,0,0,0,0,0,0,0,0,0,0.63
SEA,Nuclear Hydrogen,H,0,0,0,0,0,0,0,0,0,0,0,0,0,0,0,0,0,0,0,0,0,0,0,0,0,0,0,0,0,0,0,0,0,0,0,0.63
SEE,Nuclear Hydrogen,H,0,0,0,0,0,0,0,0,0,0,0,0,0,0,0,0,0,0,0,0,0,0,0,0,0,0,0,0,0,0,0,0,0,0,0,0.63
IND,Nuclear Hydrogen,H,0,0,0,0,0,0,0,0,0,0,0,0,0,0,0,0,0,0,0,0,0,0,0,0,0,0,0,0,0,0,0,0,0,0,0,0.63
CHN,Nuclear Hydrogen,H,0,0,0,0,0,0,0,0,0,0,0,0,0,0,0,0,0,0,0,0,0,0,0,0,0,0,0,0,0,0,0,0,0,0,0,0.63
LEV,Nuclear Hydrogen,H,0,0,0,0,0,0,0,0,0,0,0,0,0,0,0,0,0,0,0,0,0,0,0,0,0,0,0,0,0,0,0,0,0,0,0,0.63
EAF,Nuclear Hydrogen,H,0,0,0,0,0,0,0,0,0,0,0,0,0,0,0,0,0,0,0,0,0,0,0,0,0,0,0,0,0,0,0,0,0,0,0,0.63
IRN,Nuclear Hydrogen,H,0,0,0,0,0,0,0,0,0,0,0,0,0,0,0,0,0,0,0,0,0,0,0,0,0,0,0,0,0,0,0,0,0,0,0,0.63
SWE,Nuclear Hydrogen,H,0,0,0,0,0,0,0,0,0,0,0,0,0,0,0,0,0,0,0,0,0,0,0,0,0,0,0,0,0,0,0,0,0,0,0,0.63
JSK,Nuclear Hydrogen,H,0,0,0,0,0,0,0,0,0,0,0,0,0,0,0,0,0,0,0,0,0,0,0,0,0,0,0,0,0,0,0,0,0,0,0,0.63
NAF,Nuclear Hydrogen,H,0,0,0,0,0,0,0,0,0,0,0,0,0,0,0,0,0,0,0,0,0,0,0,0,0,0,0,0,0,0,0,0,0,0,0,0.63
CEA,Nuclear Hydrogen,H,0,0,0,0,0,0,0,0,0,0,0,0,0,0,0,0,0,0,0,0,0,0,0,0,0,0,0,0,0,0,0,0,0,0,0,0.63
WAF,Nuclear Hydrogen,H,0,0,0,0,0,0,0,0,0,0,0,0,0,0,0,0,0,0,0,0,0,0,0,0,0,0,0,0,0,0,0,0,0,0,0,0.63
EAS,Nuclear Hydrogen,H,0,0,0,0,0,0,0,0,0,0,0,0,0,0,0,0,0,0,0,0,0,0,0,0,0,0,0,0,0,0,0,0,0,0,0,0.63
EAE,Nuclear Hydrogen,H,0,0,0,0,0,0,0,0,0,0,0,0,0,0,0,0,0,0,0,0,0,0,0,0,0,0,0,0,0,0,0,0,0,0,0,0.63
RUS,Nuclear Hydrogen,H,0,0,0,0,0,0,0,0,0,0,0,0,0,0,0,0,0,0,0,0,0,0,0,0,0,0,0,0,0,0,0,0,0,0,0,0.63
SAF,Nuclear Hydrogen,H,0,0,0,0,0,0,0,0,0,0,0,0,0,0,0,0,0,0,0,0,0,0,0,0,0,0,0,0,0,0,0,0,0,0,0,0.63
GLF,Nuclear Hydrogen,H,0,0,0,0,0,0,0,0,0,0,0,0,0,0,0,0,0,0,0,0,0,0,0,0,0,0,0,0,0,0,0,0,0,0,0,0.63
CAS,Nuclear Hydrogen,H,0,0,0,0,0,0,0,0,0,0,0,0,0,0,0,0,0,0,0,0,0,0,0,0,0,0,0,0,0,0,0,0,0,0,0,0.63
CEE,Nuclear Hydrogen,H,0,0,0,0,0,0,0,0,0,0,0,0,0,0,0,0,0,0,0,0,0,0,0,0,0,0,0,0,0,0,0,0,0,0,0,0.63
NOE,Nuclear Hydrogen,H,0,0,0,0,0,0,0,0,0,0,0,0,0,0,0,0,0,0,0,0,0,0,0,0,0,0,0,0,0,0,0,0,0,0,0,0.63
BRI,Nuclear Hydrogen,H,0,0,0,0,0,0,0,0,0,0,0,0,0,0,0,0,0,0,0,0,0,0,0,0,0,0,0,0,0,0,0,0,0,0,0,0.63
USA,Nuclear Hydrogen,H,0,0,0,0,0,0,0,0,0,0,0,0,0,0,0,0,0,0,0,0,0,0,0,0,0,0,0,0,0,0,0,0,0,0,0,0.63
CAN,Nuclear Hydrogen,H,0,0,0,0,0,0,0,0,0,0,0,0,0,0,0,0,0,0,0,0,0,0,0,0,0,0,0,0,0,0,0,0,0,0,0,0.63
ANZ,Nuclear Hydrogen,H,0,0,0,0,0,0,0,0,0,0,0,0,0,0,0,0,0,0,0,0,0,0,0,0,0,0,0,0,0,0,0,0,0,0,0,0.63
