Node,Commodity,Season,Consumption Block 1 2020,Consumption Block 1 2025,Consumption Block 1 2030,Consumption Block 1 2035,Consumption Block 1 2040,Consumption Block 1 2045,Consumption Block 1 2050,Consumption Block 1 2055,Consumption Block 1 2060,Consumption Block 1 2065,Consumption Block 1 2070,Consumption Block 1 2075,Reference Price Block 1 2020,Reference Price Block 1 2025,Reference Price Block 1 2030,Reference Price Block 1 2035,Reference Price Block 1 2040,Reference Price Block 1 2045,Reference Price Block 1 2050,Reference Price Block 1 2055,Reference Price Block 1 2060,Reference Price Block 1 2065,Reference Price Block 1 2070,Reference Price Block 1 2075,Price Elasticity Block 1 2020,Price Elasticity Block 1 2025,Price Elasticity Block 1 2030,Price Elasticity Block 1 2035,Price Elasticity Block 1 2040,Price Elasticity Block 1 2045,Price Elasticity Block 1 2050,Price Elasticity Block 1 2055,Price Elasticity Block 1 2060,Price Elasticity Block 1 2065,Price Elasticity Block 1 2070,Price Elasticity Block 1 2075
PAC,GH2,L,0,0.136986301369863,0.273972602739726,0.6164383561643836,0.958904109589041,1.3013698630136985,1.643835616438356,1.643835616438356,1.643835616438356,1.643835616438356,1.643835616438356,1.643835616438356,100,132.2527012877135,164.505402575427,143.44023022347713,122.37505787152725,101.30988551957736,80.2447131676275,80.2447131676275,80.2447131676275,80.2447131676275,80.2447131676275,80.2447131676275,-0.3,-0.3,-0.3,-0.3,-0.3,-0.3,-0.3,-0.3,-0.3,-0.3,-0.3,-0.3
SWA,GH2,L,0,0.0684931506849315,0.136986301369863,0.2054794520547945,0.273972602739726,0.3424657534246575,0.410958904109589,0.410958904109589,0.410958904109589,0.410958904109589,0.410958904109589,0.410958904109589,100,96.669620294287,93.339240588574,82.01037937749601,70.681518166418,59.35265695534,48.023795744262,48.023795744262,48.023795744262,48.023795744262,48.023795744262,48.023795744262,-0.3,-0.3,-0.3,-0.3,-0.3,-0.3,-0.3,-0.3,-0.3,-0.3,-0.3,-0.3
SEA,GH2,L,0,0.0684931506849315,0.136986301369863,0.3082191780821918,0.4794520547945205,0.6506849315068493,0.821917808219178,0.821917808219178,0.821917808219178,0.821917808219178,0.821917808219178,0.821917808219178,100,91.90223211515605,83.8044642303121,74.51502439046621,65.22558455062031,55.93614471077441,46.6467048709285,46.6467048709285,46.6467048709285,46.6467048709285,46.6467048709285,46.6467048709285,-0.3,-0.3,-0.3,-0.3,-0.3,-0.3,-0.3,-0.3,-0.3,-0.3,-0.3,-0.3
SEE,GH2,L,0,0.136986301369863,0.273972602739726,0.3424657534246575,0.410958904109589,0.4794520547945205,0.547945205479452,0.547945205479452,0.547945205479452,0.547945205479452,0.547945205479452,0.547945205479452,100,102.401566872288,104.803133744576,91.52738696208192,78.25164017958785,64.97589339709378,51.7001466145997,51.7001466145997,51.7001466145997,51.7001466145997,51.7001466145997,51.7001466145997,-0.3,-0.3,-0.3,-0.3,-0.3,-0.3,-0.3,-0.3,-0.3,-0.3,-0.3,-0.3
IND,GH2,L,0,0.136986301369863,0.273972602739726,0.8904109589041095,1.506849315068493,2.1232876712328768,2.73972602739726,2.73972602739726,2.73972602739726,2.73972602739726,2.73972602739726,2.73972602739726,100,119.11165867841,138.22331735682,121.93794829659879,105.65257923637759,89.36721017615639,73.0818411159352,73.0818411159352,73.0818411159352,73.0818411159352,73.0818411159352,73.0818411159352,-0.3,-0.3,-0.3,-0.3,-0.3,-0.3,-0.3,-0.3,-0.3,-0.3,-0.3,-0.3
CHN,GH2,L,0,0.3698630136986301,0.7397260273972602,1.4794520547945207,2.2191780821917813,2.9589041095890414,3.698630136986302,3.698630136986302,3.698630136986302,3.698630136986302,3.698630136986302,3.698630136986302,100,94.72375549694834,89.4475109938967,78.98138214949276,68.5152533050888,58.04912446068485,47.5829956162809,47.5829956162809,47.5829956162809,47.5829956162809,47.5829956162809,47.5829956162809,-0.3,-0.3,-0.3,-0.3,-0.3,-0.3,-0.3,-0.3,-0.3,-0.3,-0.3,-0.3
LEV,GH2,L,0,0.0684931506849315,0.136986301369863,0.3767123287671233,0.6164383561643836,0.8561643835616438,1.095890410958904,1.095890410958904,1.095890410958904,1.095890410958904,1.095890410958904,1.095890410958904,100,91.4629667797766,82.9259335595532,73.03500161495523,63.144069670357254,53.253137725759274,43.3622057811613,43.3622057811613,43.3622057811613,43.3622057811613,43.3622057811613,43.3622057811613,-0.3,-0.3,-0.3,-0.3,-0.3,-0.3,-0.3,-0.3,-0.3,-0.3,-0.3,-0.3
EAF,GH2,L,0,0.0684931506849315,0.136986301369863,0.3082191780821918,0.4794520547945205,0.6506849315068493,0.821917808219178,0.821917808219178,0.821917808219178,0.821917808219178,0.821917808219178,0.821917808219178,100,93.0000226410865,86.000045282173,83.10091886018847,80.20179243820395,77.30266601621943,74.4035395942349,74.4035395942349,74.4035395942349,74.4035395942349,74.4035395942349,74.4035395942349,-0.3,-0.3,-0.3,-0.3,-0.3,-0.3,-0.3,-0.3,-0.3,-0.3,-0.3,-0.3
IRN,GH2,L,0,0.0684931506849315,0.136986301369863,0.3082191780821918,0.4794520547945205,0.6506849315068493,0.821917808219178,0.821917808219178,0.821917808219178,0.821917808219178,0.821917808219178,0.821917808219178,100,95.28636587317095,90.5727317463419,79.05930732899837,67.54588291165484,56.03245849431132,44.5190340769678,44.5190340769678,44.5190340769678,44.5190340769678,44.5190340769678,44.5190340769678,-0.3,-0.3,-0.3,-0.3,-0.3,-0.3,-0.3,-0.3,-0.3,-0.3,-0.3,-0.3
SWE,GH2,L,0,0.136986301369863,0.273972602739726,0.410958904109589,0.547945205479452,0.684931506849315,0.821917808219178,0.821917808219178,0.821917808219178,0.821917808219178,0.821917808219178,0.821917808219178,100,114.2340359687825,128.468071937565,111.59658525704513,94.72509857652526,77.85361189600538,60.9821252154855,60.9821252154855,60.9821252154855,60.9821252154855,60.9821252154855,60.9821252154855,-0.3,-0.3,-0.3,-0.3,-0.3,-0.3,-0.3,-0.3,-0.3,-0.3,-0.3,-0.3
JSK,GH2,L,0,0.18493150684931506,0.3698630136986301,0.4931506849315068,0.6164383561643836,0.7397260273972603,0.863013698630137,0.863013698630137,0.863013698630137,0.863013698630137,0.863013698630137,0.863013698630137,100,125.588349549974,151.176699099948,133.75199196615324,116.3272848323585,98.90257769856376,81.477870564769,81.477870564769,81.477870564769,81.477870564769,81.477870564769,81.477870564769,-0.3,-0.3,-0.3,-0.3,-0.3,-0.3,-0.3,-0.3,-0.3,-0.3,-0.3,-0.3
NAF,GH2,L,0,0.0684931506849315,0.136986301369863,0.4794520547945205,0.821917808219178,1.1643835616438356,1.5068493150684932,1.5068493150684932,1.5068493150684932,1.5068493150684932,1.5068493150684932,1.5068493150684932,100,100.18095191371549,100.361903827431,86.99345743320157,73.62501103897215,60.256564644742724,46.8881182505133,46.8881182505133,46.8881182505133,46.8881182505133,46.8881182505133,46.8881182505133,-0.3,-0.3,-0.3,-0.3,-0.3,-0.3,-0.3,-0.3,-0.3,-0.3,-0.3,-0.3
CEA,GH2,L,0,0.0684931506849315,0.136986301369863,0.3082191780821918,0.4794520547945205,0.6506849315068493,0.821917808219178,0.821917808219178,0.821917808219178,0.821917808219178,0.821917808219178,0.821917808219178,100,117.552507327426,135.105014654852,113.6167227265313,92.1284307982106,70.6401388698899,49.1518469415692,49.1518469415692,49.1518469415692,49.1518469415692,49.1518469415692,49.1518469415692,-0.3,-0.3,-0.3,-0.3,-0.3,-0.3,-0.3,-0.3,-0.3,-0.3,-0.3,-0.3
WAF,GH2,L,0,0.0684931506849315,0.136986301369863,0.3767123287671233,0.6164383561643836,0.8561643835616438,1.095890410958904,1.095890410958904,1.095890410958904,1.095890410958904,1.095890410958904,1.095890410958904,100,92.0530687244316,84.1061374488632,81.52819559333464,78.9502537378061,76.37231188227754,73.794370026749,73.794370026749,73.794370026749,73.794370026749,73.794370026749,73.794370026749,-0.3,-0.3,-0.3,-0.3,-0.3,-0.3,-0.3,-0.3,-0.3,-0.3,-0.3,-0.3
EAS,GH2,L,0,0.136986301369863,0.273972602739726,0.6164383561643836,0.958904109589041,1.3013698630136985,1.643835616438356,1.643835616438356,1.643835616438356,1.643835616438356,1.643835616438356,1.643835616438356,100,126.7597372325225,153.519474465045,136.25104678791746,118.9826191107899,101.71419143366235,84.4457637565348,84.4457637565348,84.4457637565348,84.4457637565348,84.4457637565348,84.4457637565348,-0.3,-0.3,-0.3,-0.3,-0.3,-0.3,-0.3,-0.3,-0.3,-0.3,-0.3,-0.3
EAE,GH2,L,0,0.0684931506849315,0.136986301369863,0.3082191780821918,0.4794520547945205,0.6506849315068493,0.821917808219178,0.821917808219178,0.821917808219178,0.821917808219178,0.821917808219178,0.821917808219178,100,117.0053248415485,134.010649683097,116.06743569076473,98.12422169843245,80.18100770610017,62.2377937137679,62.2377937137679,62.2377937137679,62.2377937137679,62.2377937137679,62.2377937137679,-0.3,-0.3,-0.3,-0.3,-0.3,-0.3,-0.3,-0.3,-0.3,-0.3,-0.3,-0.3
RUS,GH2,L,0,0.0136986301369863,0.0273972602739726,0.2602739726027397,0.4931506849315068,0.726027397260274,0.958904109589041,0.958904109589041,0.958904109589041,0.958904109589041,0.958904109589041,0.958904109589041,100,126.589664147647,153.179328295294,138.4464881791979,123.7136480631018,108.9808079470057,94.2479678309096,94.2479678309096,94.2479678309096,94.2479678309096,94.2479678309096,94.2479678309096,-0.3,-0.3,-0.3,-0.3,-0.3,-0.3,-0.3,-0.3,-0.3,-0.3,-0.3,-0.3
SAF,GH2,L,0,0.0684931506849315,0.136986301369863,0.273972602739726,0.410958904109589,0.547945205479452,0.684931506849315,0.684931506849315,0.684931506849315,0.684931506849315,0.684931506849315,0.684931506849315,100,116.2112656251015,132.422531250203,120.8723302184456,109.3221291866882,97.7719281549308,86.2217271231734,86.2217271231734,86.2217271231734,86.2217271231734,86.2217271231734,86.2217271231734,-0.3,-0.3,-0.3,-0.3,-0.3,-0.3,-0.3,-0.3,-0.3,-0.3,-0.3,-0.3
GLF,GH2,L,0,0.136986301369863,0.273972602739726,0.547945205479452,0.821917808219178,1.095890410958904,1.36986301369863,1.36986301369863,1.36986301369863,1.36986301369863,1.36986301369863,1.36986301369863,100,92.4457579294345,84.891515858869,74.02545854003047,63.15940122119195,52.29334390235343,41.4272865835149,41.4272865835149,41.4272865835149,41.4272865835149,41.4272865835149,41.4272865835149,-0.3,-0.3,-0.3,-0.3,-0.3,-0.3,-0.3,-0.3,-0.3,-0.3,-0.3,-0.3
CAS,GH2,L,0,0.0136986301369863,0.0273972602739726,0.22602739726027396,0.4246575342465753,0.6232876712328766,0.821917808219178,0.821917808219178,0.821917808219178,0.821917808219178,0.821917808219178,0.821917808219178,100,89.90129490259285,79.8025898051857,71.25796333179865,62.7133368584116,54.16871038502455,45.6240839116375,45.6240839116375,45.6240839116375,45.6240839116375,45.6240839116375,45.6240839116375,-0.3,-0.3,-0.3,-0.3,-0.3,-0.3,-0.3,-0.3,-0.3,-0.3,-0.3,-0.3
CEE,GH2,L,0,0.18493150684931506,0.3698630136986301,0.523972602739726,0.6780821917808219,0.8321917808219177,0.9863013698630136,0.9863013698630136,0.9863013698630136,0.9863013698630136,0.9863013698630136,0.9863013698630136,100,114.896087867703,129.792175735406,112.81695524833745,95.8417347612689,78.86651427420034,61.8912937871318,61.8912937871318,61.8912937871318,61.8912937871318,61.8912937871318,61.8912937871318,-0.3,-0.3,-0.3,-0.3,-0.3,-0.3,-0.3,-0.3,-0.3,-0.3,-0.3,-0.3
NOE,GH2,L,0,0.06164383561643835,0.1232876712328767,0.1541095890410959,0.18493150684931506,0.21575342465753422,0.2465753424657534,0.2465753424657534,0.2465753424657534,0.2465753424657534,0.2465753424657534,0.2465753424657534,100,120.977677900885,141.95535580177,128.54697362112597,115.13859144048195,101.73020925983792,88.3218270791939,88.3218270791939,88.3218270791939,88.3218270791939,88.3218270791939,88.3218270791939,-0.3,-0.3,-0.3,-0.3,-0.3,-0.3,-0.3,-0.3,-0.3,-0.3,-0.3,-0.3
BRI,GH2,L,0,0.1232876712328767,0.2465753424657534,0.339041095890411,0.4315068493150685,0.523972602739726,0.6164383561643836,0.6164383561643836,0.6164383561643836,0.6164383561643836,0.6164383561643836,0.6164383561643836,100,114.7184140848275,129.436828169655,112.4795967080438,95.5223652464326,78.5651337848214,61.6079023232102,61.6079023232102,61.6079023232102,61.6079023232102,61.6079023232102,61.6079023232102,-0.3,-0.3,-0.3,-0.3,-0.3,-0.3,-0.3,-0.3,-0.3,-0.3,-0.3,-0.3
USA,GH2,L,0,0.3698630136986301,0.7397260273972602,1.1095890410958904,1.4794520547945205,1.8493150684931505,2.219178082191781,2.219178082191781,2.219178082191781,2.219178082191781,2.219178082191781,2.219178082191781,100,109.40587216227749,118.811744324555,101.17426316316707,83.53678200177914,65.89930084039122,48.2618196790033,48.2618196790033,48.2618196790033,48.2618196790033,48.2618196790033,48.2618196790033,-0.3,-0.3,-0.3,-0.3,-0.3,-0.3,-0.3,-0.3,-0.3,-0.3,-0.3,-0.3
CAN,GH2,L,0,0.1232876712328767,0.2465753424657534,0.2773972602739726,0.3082191780821918,0.339041095890411,0.3698630136986301,0.3698630136986301,0.3698630136986301,0.3698630136986301,0.3698630136986301,0.3698630136986301,100,91.06078451439646,82.1215690287929,82.40083821633587,82.68010740387885,82.95937659142183,83.2386457789648,83.2386457789648,83.2386457789648,83.2386457789648,83.2386457789648,83.2386457789648,-0.3,-0.3,-0.3,-0.3,-0.3,-0.3,-0.3,-0.3,-0.3,-0.3,-0.3,-0.3
ANZ,GH2,L,0,0.0684931506849315,0.136986301369863,0.2054794520547945,0.273972602739726,0.3424657534246575,0.410958904109589,0.410958904109589,0.410958904109589,0.410958904109589,0.410958904109589,0.410958904109589,100,93.29368021177545,86.5873604235509,75.98421513180458,65.38106984005825,54.77792454831192,44.1747792565656,44.1747792565656,44.1747792565656,44.1747792565656,44.1747792565656,44.1747792565656,-0.3,-0.3,-0.3,-0.3,-0.3,-0.3,-0.3,-0.3,-0.3,-0.3,-0.3,-0.3
PAC,GH2,H,0,0.136986301369863,0.273972602739726,0.6164383561643845,0.958904109589043,1.3013698630137016,1.64383561643836,1.64383561643836,1.64383561643836,1.64383561643836,1.64383561643836,1.64383561643836,100,133.644683170028,167.289366340056,141.164603637217,115.039840934378,88.915078231539,62.7903155287,62.7903155287,62.7903155287,62.7903155287,62.7903155287,62.7903155287,-0.3,-0.3,-0.3,-0.3,-0.3,-0.3,-0.3,-0.3,-0.3,-0.3,-0.3,-0.3
SWA,GH2,H,0,0.0684931506849315,0.136986301369863,0.2054794520547945,0.273972602739726,0.3424657534246575,0.410958904109589,0.410958904109589,0.410958904109589,0.410958904109589,0.410958904109589,0.410958904109589,100,105.933146593784,111.866293187568,95.0125375217916,78.1587818560152,61.3050261902388,44.4512705244624,44.4512705244624,44.4512705244624,44.4512705244624,44.4512705244624,44.4512705244624,-0.3,-0.3,-0.3,-0.3,-0.3,-0.3,-0.3,-0.3,-0.3,-0.3,-0.3,-0.3
SEA,GH2,H,0,0.0684931506849315,0.136986301369863,0.3082191780821918,0.4794520547945205,0.6506849315068493,0.821917808219178,0.821917808219178,0.821917808219178,0.821917808219178,0.821917808219178,0.821917808219178,100,97.2152680879323,94.4305361758646,82.67672959835363,70.92292302084266,59.16911644333168,47.4153098658207,47.4153098658207,47.4153098658207,47.4153098658207,47.4153098658207,47.4153098658207,-0.3,-0.3,-0.3,-0.3,-0.3,-0.3,-0.3,-0.3,-0.3,-0.3,-0.3,-0.3
SEE,GH2,H,0,0.136986301369863,0.273972602739726,0.3424657534246575,0.410958904109589,0.4794520547945205,0.547945205479452,0.547945205479452,0.547945205479452,0.547945205479452,0.547945205479452,0.547945205479452,100,102.4015674988865,104.803134997773,94.46675932228197,84.13038364679095,73.79400797129992,63.4576322958089,63.4576322958089,63.4576322958089,63.4576322958089,63.4576322958089,63.4576322958089,-0.3,-0.3,-0.3,-0.3,-0.3,-0.3,-0.3,-0.3,-0.3,-0.3,-0.3,-0.3
IND,GH2,H,0,0.136986301369863,0.273972602739726,0.8904109589041095,1.506849315068493,2.1232876712328768,2.73972602739726,2.73972602739726,2.73972602739726,2.73972602739726,2.73972602739726,2.73972602739726,100,106.5142972939565,113.028594587913,96.5443049284892,80.0600152690654,63.5757256096416,47.0914359502178,47.0914359502178,47.0914359502178,47.0914359502178,47.0914359502178,47.0914359502178,-0.3,-0.3,-0.3,-0.3,-0.3,-0.3,-0.3,-0.3,-0.3,-0.3,-0.3,-0.3
CHN,GH2,H,0,0.452054794520548,0.904109589041096,1.8082191780821921,2.7123287671232883,3.6164383561643847,4.520547945205481,4.520547945205481,4.520547945205481,4.520547945205481,4.520547945205481,4.520547945205481,100,96.9699310711182,93.9398621422364,87.09509959062751,80.25033703901865,73.40557448740978,66.5608119358009,66.5608119358009,66.5608119358009,66.5608119358009,66.5608119358009,66.5608119358009,-0.3,-0.3,-0.3,-0.3,-0.3,-0.3,-0.3,-0.3,-0.3,-0.3,-0.3,-0.3
LEV,GH2,H,0,0.0684931506849315,0.136986301369863,0.3767123287671233,0.6164383561643836,0.8561643835616438,1.095890410958904,1.095890410958904,1.095890410958904,1.095890410958904,1.095890410958904,1.095890410958904,100,98.71026283017255,97.4205256603451,86.96243995944876,76.50435425855241,66.04626855765605,55.5881828567597,55.5881828567597,55.5881828567597,55.5881828567597,55.5881828567597,55.5881828567597,-0.3,-0.3,-0.3,-0.3,-0.3,-0.3,-0.3,-0.3,-0.3,-0.3,-0.3,-0.3
EAF,GH2,H,0,0.0684931506849315,0.136986301369863,0.3082191780821918,0.4794520547945205,0.6506849315068493,0.821917808219178,0.821917808219178,0.821917808219178,0.821917808219178,0.821917808219178,0.821917808219178,100,94.6400822784226,89.2801645568452,79.8853311045587,70.4904976522722,61.0956641999857,51.7008307476992,51.7008307476992,51.7008307476992,51.7008307476992,51.7008307476992,51.7008307476992,-0.3,-0.3,-0.3,-0.3,-0.3,-0.3,-0.3,-0.3,-0.3,-0.3,-0.3,-0.3
IRN,GH2,H,0,0.0684931506849315,0.136986301369863,0.3082191780821918,0.4794520547945205,0.6506849315068493,0.821917808219178,0.821917808219178,0.821917808219178,0.821917808219178,0.821917808219178,0.821917808219178,100,112.3896909145775,124.779381829155,107.43480804837284,90.0902342675907,72.74566048680855,55.4010867060264,55.4010867060264,55.4010867060264,55.4010867060264,55.4010867060264,55.4010867060264,-0.3,-0.3,-0.3,-0.3,-0.3,-0.3,-0.3,-0.3,-0.3,-0.3,-0.3,-0.3
SWE,GH2,H,0,0.136986301369863,0.273972602739726,0.410958904109589,0.547945205479452,0.684931506849315,0.821917808219178,0.821917808219178,0.821917808219178,0.821917808219178,0.821917808219178,0.821917808219178,100,125.834331431834,151.668662863668,134.96775081312677,118.26683876258551,101.56592671204425,84.865014661503,84.865014661503,84.865014661503,84.865014661503,84.865014661503,84.865014661503,-0.3,-0.3,-0.3,-0.3,-0.3,-0.3,-0.3,-0.3,-0.3,-0.3,-0.3,-0.3
JSK,GH2,H,0,0.226027397260274,0.452054794520548,0.6027397260273972,0.7534246575342466,0.904109589041096,1.0547945205479452,1.0547945205479452,1.0547945205479452,1.0547945205479452,1.0547945205479452,1.0547945205479452,100,139.0426455826415,178.085291165283,157.78395432437316,137.4826174834633,117.18128064255345,96.8799438016436,96.8799438016436,96.8799438016436,96.8799438016436,96.8799438016436,96.8799438016436,-0.3,-0.3,-0.3,-0.3,-0.3,-0.3,-0.3,-0.3,-0.3,-0.3,-0.3,-0.3
NAF,GH2,H,0,0.0684931506849315,0.136986301369863,0.4794520547945205,0.821917808219178,1.1643835616438356,1.5068493150684932,1.5068493150684932,1.5068493150684932,1.5068493150684932,1.5068493150684932,1.5068493150684932,100,112.189938655849,124.379877311698,111.01251760354486,97.64515789539175,84.27779818723863,70.9104384790855,70.9104384790855,70.9104384790855,70.9104384790855,70.9104384790855,70.9104384790855,-0.3,-0.3,-0.3,-0.3,-0.3,-0.3,-0.3,-0.3,-0.3,-0.3,-0.3,-0.3
CEA,GH2,H,0,0.0684931506849315,0.136986301369863,0.3082191780821918,0.4794520547945205,0.6506849315068493,0.821917808219178,0.821917808219178,0.821917808219178,0.821917808219178,0.821917808219178,0.821917808219178,100,107.62933065992951,115.258661319859,101.51592144924044,87.77318157862186,74.03044170800328,60.2877018373847,60.2877018373847,60.2877018373847,60.2877018373847,60.2877018373847,60.2877018373847,-0.3,-0.3,-0.3,-0.3,-0.3,-0.3,-0.3,-0.3,-0.3,-0.3,-0.3,-0.3
WAF,GH2,H,0,0.0684931506849315,0.136986301369863,0.3767123287671233,0.6164383561643836,0.8561643835616438,1.095890410958904,1.095890410958904,1.095890410958904,1.095890410958904,1.095890410958904,1.095890410958904,100,95.9519514637949,91.9039029275898,81.08981064762312,70.27571836765645,59.46162608768978,48.6475338077231,48.6475338077231,48.6475338077231,48.6475338077231,48.6475338077231,48.6475338077231,-0.3,-0.3,-0.3,-0.3,-0.3,-0.3,-0.3,-0.3,-0.3,-0.3,-0.3,-0.3
EAS,GH2,H,0,0.136986301369863,0.273972602739726,0.6164383561643836,0.958904109589041,1.3013698630136985,1.643835616438356,1.643835616438356,1.643835616438356,1.643835616438356,1.643835616438356,1.643835616438356,100,126.759737324204,153.519474648408,129.26077586775028,105.00207708709254,80.74337830643482,56.4846795257771,56.4846795257771,56.4846795257771,56.4846795257771,56.4846795257771,56.4846795257771,-0.3,-0.3,-0.3,-0.3,-0.3,-0.3,-0.3,-0.3,-0.3,-0.3,-0.3,-0.3
EAE,GH2,H,0,0.0684931506849315,0.136986301369863,0.3082191780821918,0.4794520547945205,0.6506849315068493,0.821917808219178,0.821917808219178,0.821917808219178,0.821917808219178,0.821917808219178,0.821917808219178,100,113.6834671006345,127.366934201269,116.73041450521245,106.0938948091559,95.45737511309935,84.8208554170428,84.8208554170428,84.8208554170428,84.8208554170428,84.8208554170428,84.8208554170428,-0.3,-0.3,-0.3,-0.3,-0.3,-0.3,-0.3,-0.3,-0.3,-0.3,-0.3,-0.3
RUS,GH2,H,0,0.0136986301369863,0.0273972602739726,0.2602739726027397,0.4931506849315068,0.726027397260274,0.958904109589041,0.958904109589041,0.958904109589041,0.958904109589041,0.958904109589041,0.958904109589041,100,111.8238105241395,123.647621048279,110.39247951078185,97.1373379732847,83.88219643578755,70.6270548982904,70.6270548982904,70.6270548982904,70.6270548982904,70.6270548982904,70.6270548982904,-0.3,-0.3,-0.3,-0.3,-0.3,-0.3,-0.3,-0.3,-0.3,-0.3,-0.3,-0.3
SAF,GH2,H,0,0.0684931506849315,0.136986301369863,0.273972602739726,0.410958904109589,0.547945205479452,0.684931506849315,0.684931506849315,0.684931506849315,0.684931506849315,0.684931506849315,0.684931506849315,100,116.2112657457735,132.422531491547,114.2416598834181,96.0607882752892,77.8799166671603,59.6990450590314,59.6990450590314,59.6990450590314,59.6990450590314,59.6990450590314,59.6990450590314,-0.3,-0.3,-0.3,-0.3,-0.3,-0.3,-0.3,-0.3,-0.3,-0.3,-0.3,-0.3
GLF,GH2,H,0,0.136986301369863,0.273972602739726,0.547945205479452,0.821917808219178,1.095890410958904,1.36986301369863,1.36986301369863,1.36986301369863,1.36986301369863,1.36986301369863,1.36986301369863,100,108.064462087363,116.128924174726,99.74474589603247,83.36056761733894,66.97638933864542,50.5922110599519,50.5922110599519,50.5922110599519,50.5922110599519,50.5922110599519,50.5922110599519,-0.3,-0.3,-0.3,-0.3,-0.3,-0.3,-0.3,-0.3,-0.3,-0.3,-0.3,-0.3
CAS,GH2,H,0,0.0136986301369863,0.0273972602739726,0.22602739726027396,0.4246575342465753,0.6232876712328766,0.821917808219178,0.821917808219178,0.821917808219178,0.821917808219178,0.821917808219178,0.821917808219178,100,101.636119853224,103.272239706448,94.77393152846756,86.27562335048711,77.77731517250666,69.2790069945262,69.2790069945262,69.2790069945262,69.2790069945262,69.2790069945262,69.2790069945262,-0.3,-0.3,-0.3,-0.3,-0.3,-0.3,-0.3,-0.3,-0.3,-0.3,-0.3,-0.3
CEE,GH2,H,0,0.226027397260274,0.452054794520548,0.6404109589041096,0.8287671232876712,1.0171232876712328,1.2054794520547945,1.2054794520547945,1.2054794520547945,1.2054794520547945,1.2054794520547945,1.2054794520547945,100,127.435371812524,154.870743625048,138.0131217606215,121.155499896195,104.2978780317685,87.440256167342,87.440256167342,87.440256167342,87.440256167342,87.440256167342,87.440256167342,-0.3,-0.3,-0.3,-0.3,-0.3,-0.3,-0.3,-0.3,-0.3,-0.3,-0.3,-0.3
NOE,GH2,H,0,0.07534246575342465,0.1506849315068493,0.18835616438356162,0.22602739726027396,0.2636986301369863,0.3013698630136986,0.3013698630136986,0.3013698630136986,0.3013698630136986,0.3013698630136986,0.3013698630136986,100,101.63722074647501,103.27444149295,96.3757885986691,89.4771357043882,82.5784828101073,75.6798299158264,75.6798299158264,75.6798299158264,75.6798299158264,75.6798299158264,75.6798299158264,-0.3,-0.3,-0.3,-0.3,-0.3,-0.3,-0.3,-0.3,-0.3,-0.3,-0.3,-0.3
BRI,GH2,H,0,0.1506849315068493,0.3013698630136986,0.4143835616438356,0.5273972602739726,0.6404109589041096,0.7534246575342466,0.7534246575342466,0.7534246575342466,0.7534246575342466,0.7534246575342466,0.7534246575342466,100,127.091536606229,154.183073212458,137.20944780863923,120.23582240482045,103.26219700100168,86.2885715971829,86.2885715971829,86.2885715971829,86.2885715971829,86.2885715971829,86.2885715971829,-0.3,-0.3,-0.3,-0.3,-0.3,-0.3,-0.3,-0.3,-0.3,-0.3,-0.3,-0.3
USA,GH2,H,0,0.452054794520548,0.904109589041096,1.356164383561644,1.808219178082192,2.26027397260274,2.712328767123288,2.712328767123288,2.712328767123288,2.712328767123288,2.712328767123288,2.712328767123288,100,96.0169302075029,92.0338604150058,87.66177860021534,83.2896967854249,78.91761497063445,74.545533155844,74.545533155844,74.545533155844,74.545533155844,74.545533155844,74.545533155844,-0.3,-0.3,-0.3,-0.3,-0.3,-0.3,-0.3,-0.3,-0.3,-0.3,-0.3,-0.3
CAN,GH2,H,0,0.1506849315068493,0.3013698630136986,0.339041095890411,0.3767123287671233,0.4143835616438356,0.452054794520548,0.452054794520548,0.452054794520548,0.452054794520548,0.452054794520548,0.452054794520548,100,108.860355063467,117.720710126934,102.71517036178787,87.70963059664174,72.70409083149562,57.6985510663495,57.6985510663495,57.6985510663495,57.6985510663495,57.6985510663495,57.6985510663495,-0.3,-0.3,-0.3,-0.3,-0.3,-0.3,-0.3,-0.3,-0.3,-0.3,-0.3,-0.3
ANZ,GH2,H,0,0.0684931506849315,0.136986301369863,0.2054794520547945,0.273972602739726,0.3424657534246575,0.410958904109589,0.410958904109589,0.410958904109589,0.410958904109589,0.410958904109589,0.410958904109589,100,102.6135956461235,105.227191292247,97.155320053174,89.08344881410099,81.01157757502799,72.939706335955,72.939706335955,72.939706335955,72.939706335955,72.939706335955,72.939706335955,-0.3,-0.3,-0.3,-0.3,-0.3,-0.3,-0.3,-0.3,-0.3,-0.3,-0.3,-0.3
PAC,NH3,L,0,0.017345283622026732,0.034690567244053463,0.09885086252500583,0.16301115780595818,0.22717145308691056,0.2913317483678629,0.2913317483678629,0.2913317483678629,0.2913317483678629,0.2913317483678629,0.2913317483678629,100,105.91973302457001,111.83946604914,98.73435206932203,85.62923808950404,72.52412410968607,59.4190101298681,59.4190101298681,59.4190101298681,59.4190101298681,59.4190101298681,59.4190101298681,-0.3,-0.3,-0.3,-0.3,-0.3,-0.3,-0.3,-0.3,-0.3,-0.3,-0.3,-0.3
SWA,NH3,L,0,0.008672641811013366,0.017345283622026732,0.03121719698951148,0.045089110356996226,0.058961023724480977,0.07283293709196573,0.07283293709196573,0.07283293709196573,0.07283293709196573,0.07283293709196573,0.07283293709196573,100,104.36866073845749,108.737321476915,96.68542727784782,84.63353307878066,72.58163887971348,60.5297446806463,60.5297446806463,60.5297446806463,60.5297446806463,60.5297446806463,60.5297446806463,-0.3,-0.3,-0.3,-0.3,-0.3,-0.3,-0.3,-0.3,-0.3,-0.3,-0.3,-0.3
SEA,NH3,L,0,0.008672641811013366,0.017345283622026732,0.049425431262502914,0.08150557890297909,0.11358572654345528,0.14566587418393145,0.14566587418393145,0.14566587418393145,0.14566587418393145,0.14566587418393145,0.14566587418393145,100,102.627790143846,105.255580287692,93.643780488235,82.03198068877799,70.42018088932099,58.808381089864,58.808381089864,58.808381089864,58.808381089864,58.808381089864,58.808381089864,-0.3,-0.3,-0.3,-0.3,-0.3,-0.3,-0.3,-0.3,-0.3,-0.3,-0.3,-0.3
SEE,NH3,L,0,0.017345283622026732,0.034690567244053463,0.050295571130362,0.06590057501667054,0.08150557890297909,0.09711058278928764,0.09711058278928764,0.09711058278928764,0.09711058278928764,0.09711058278928764,0.09711058278928764,100,104.02631790024449,108.052635800489,95.75261181777614,83.4525878350633,71.15256385235045,58.8525398696376,58.8525398696376,58.8525398696376,58.8525398696376,58.8525398696376,58.8525398696376,-0.3,-0.3,-0.3,-0.3,-0.3,-0.3,-0.3,-0.3,-0.3,-0.3,-0.3,-0.3
IND,NH3,L,0,0.017345283622026732,0.034690567244053463,0.14740615391964965,0.26012174059524584,0.372837327270842,0.4855529139464382,0.4855529139464382,0.4855529139464382,0.4855529139464382,0.4855529139464382,0.4855529139464382,100,105.0125447958155,110.025089591631,97.024072952371,84.023056313111,71.022039673851,58.021023034591,58.021023034591,58.021023034591,58.021023034591,58.021023034591,58.021023034591,-0.3,-0.3,-0.3,-0.3,-0.3,-0.3,-0.3,-0.3,-0.3,-0.3,-0.3,-0.3
CHN,NH3,L,0,0.052035850866080195,0.10407170173216039,0.26013611902903466,0.4162005363259089,0.5722649536227832,0.7283293709196574,0.7283293709196574,0.7283293709196574,0.7283293709196574,0.7283293709196574,0.7283293709196574,100,106.1546943710695,112.309388742139,99.22672768653555,86.1440666309321,73.06140557532865,59.9787445197252,59.9787445197252,59.9787445197252,59.9787445197252,59.9787445197252,59.9787445197252,-0.3,-0.3,-0.3,-0.3,-0.3,-0.3,-0.3,-0.3,-0.3,-0.3,-0.3,-0.3
LEV,NH3,L,0,0.008672641811013366,0.017345283622026732,0.06156425411116387,0.105783224600301,0.15000219508943813,0.19422116557857527,0.19422116557857527,0.19422116557857527,0.19422116557857527,0.19422116557857527,0.19422116557857527,100,103.7604938046045,107.520987609209,95.25668715205015,82.99238669489131,70.72808623773246,58.4637857805736,58.4637857805736,58.4637857805736,58.4637857805736,58.4637857805736,58.4637857805736,-0.3,-0.3,-0.3,-0.3,-0.3,-0.3,-0.3,-0.3,-0.3,-0.3,-0.3,-0.3
EAF,NH3,L,0,0.008672641811013366,0.017345283622026732,0.049425431262502914,0.08150557890297909,0.11358572654345528,0.14566587418393145,0.14566587418393145,0.14566587418393145,0.14566587418393145,0.14566587418393145,0.14566587418393145,100,104.000028301116,108.000056602232,95.66099966071263,83.32194271919329,70.98288577767394,58.6438288361546,58.6438288361546,58.6438288361546,58.6438288361546,58.6438288361546,58.6438288361546,-0.3,-0.3,-0.3,-0.3,-0.3,-0.3,-0.3,-0.3,-0.3,-0.3,-0.3,-0.3
IRN,NH3,L,0,0.008672641811013366,0.017345283622026732,0.049425431262502914,0.08150557890297909,0.11358572654345528,0.14566587418393145,0.14566587418393145,0.14566587418393145,0.14566587418393145,0.14566587418393145,0.14566587418393145,100,104.877695059388,109.755390118776,96.63359836295308,83.51180660713015,70.39001485130723,57.2682230954843,57.2682230954843,57.2682230954843,57.2682230954843,57.2682230954843,57.2682230954843,-0.3,-0.3,-0.3,-0.3,-0.3,-0.3,-0.3,-0.3,-0.3,-0.3,-0.3,-0.3
SWE,NH3,L,0,0.017345283622026732,0.034690567244053463,0.06243439397902296,0.09017822071399245,0.11792204744896195,0.14566587418393145,0.14566587418393145,0.14566587418393145,0.14566587418393145,0.14566587418393145,0.14566587418393145,100,104.4036777465625,108.807355493125,96.64268968756008,84.47802388199514,72.31335807643022,60.1486922708653,60.1486922708653,60.1486922708653,60.1486922708653,60.1486922708653,60.1486922708653,-0.3,-0.3,-0.3,-0.3,-0.3,-0.3,-0.3,-0.3,-0.3,-0.3,-0.3,-0.3
JSK,NH3,L,0,0.026017925433040098,0.052035850866080195,0.08151276811987349,0.11098968537366678,0.14046660262746008,0.16994351988125336,0.16994351988125336,0.16994351988125336,0.16994351988125336,0.16994351988125336,0.16994351988125336,100,106.606422729608,113.212845459216,100.00153227990481,86.7902191005936,73.5789059212824,60.3675927419712,60.3675927419712,60.3675927419712,60.3675927419712,60.3675927419712,60.3675927419712,-0.3,-0.3,-0.3,-0.3,-0.3,-0.3,-0.3,-0.3,-0.3,-0.3,-0.3,-0.3
NAF,NH3,L,0,0.008672641811013366,0.017345283622026732,0.07977248838415531,0.1421996931462839,0.20462689790841246,0.267054102670541,0.267054102670541,0.267054102670541,0.267054102670541,0.267054102670541,0.267054102670541,100,104.1954787656725,108.390957531345,96.1528821279216,83.91480672449819,71.6767313210748,59.4386559176514,59.4386559176514,59.4386559176514,59.4386559176514,59.4386559176514,59.4386559176514,-0.3,-0.3,-0.3,-0.3,-0.3,-0.3,-0.3,-0.3,-0.3,-0.3,-0.3,-0.3
CEA,NH3,L,0,0.008672641811013366,0.017345283622026732,0.049425431262502914,0.08150557890297909,0.11358572654345528,0.14566587418393145,0.14566587418393145,0.14566587418393145,0.14566587418393145,0.14566587418393145,0.14566587418393145,100,105.1677595746135,110.335519149227,98.39647714749132,86.45743514575565,74.51839314401998,62.5793511422843,62.5793511422843,62.5793511422843,62.5793511422843,62.5793511422843,62.5793511422843,-0.3,-0.3,-0.3,-0.3,-0.3,-0.3,-0.3,-0.3,-0.3,-0.3,-0.3,-0.3
WAF,NH3,L,0,0.008672641811013366,0.017345283622026732,0.06156425411116387,0.105783224600301,0.15000219508943813,0.19422116557857527,0.19422116557857527,0.19422116557857527,0.19422116557857527,0.19422116557857527,0.19422116557857527,100,102.816335905013,105.632671810026,94.4381424356987,83.2436130613714,72.0490836870441,60.8545543127168,60.8545543127168,60.8545543127168,60.8545543127168,60.8545543127168,60.8545543127168,-0.3,-0.3,-0.3,-0.3,-0.3,-0.3,-0.3,-0.3,-0.3,-0.3,-0.3,-0.3
EAS,NH3,L,0,0.017345283622026732,0.034690567244053463,0.09885086252500583,0.16301115780595818,0.22717145308691056,0.2913317483678629,0.2913317483678629,0.2913317483678629,0.2913317483678629,0.2913317483678629,0.2913317483678629,100,105.899534209183,111.799068418366,98.68104105869418,85.56301369902235,72.44498633935052,59.3269589796787,59.3269589796787,59.3269589796787,59.3269589796787,59.3269589796787,59.3269589796787,-0.3,-0.3,-0.3,-0.3,-0.3,-0.3,-0.3,-0.3,-0.3,-0.3,-0.3,-0.3
EAE,NH3,L,0,0.008672641811013366,0.017345283622026732,0.049425431262502914,0.08150557890297909,0.11358572654345528,0.14566587418393145,0.14566587418393145,0.14566587418393145,0.14566587418393145,0.14566587418393145,0.14566587418393145,100,104.659566603318,109.319133206636,97.03778713076497,84.75644105489394,72.47509497902291,60.1937489031519,60.1937489031519,60.1937489031519,60.1937489031519,60.1937489031519,60.1937489031519,-0.3,-0.3,-0.3,-0.3,-0.3,-0.3,-0.3,-0.3,-0.3,-0.3,-0.3,-0.3
RUS,NH3,L,0,0.0017345283622026732,0.0034690567244053463,0.04508767251361735,0.08670628830282935,0.12832490409204136,0.16994351988125336,0.16994351988125336,0.16994351988125336,0.16994351988125336,0.16994351988125336,0.16994351988125336,100,105.305196665979,110.610393331958,98.32712009405552,86.04384685615304,73.76057361825056,61.4773003803481,61.4773003803481,61.4773003803481,61.4773003803481,61.4773003803481,61.4773003803481,-0.3,-0.3,-0.3,-0.3,-0.3,-0.3,-0.3,-0.3,-0.3,-0.3,-0.3,-0.3
SAF,NH3,L,0,0.008672641811013366,0.017345283622026732,0.04335601983817243,0.06936675605431813,0.09537749227046384,0.12138822848660955,0.12138822848660955,0.12138822848660955,0.12138822848660955,0.12138822848660955,0.12138822848660955,100,104.09802714824599,108.196054296492,95.9449190174634,83.6937837384348,71.4426484594062,59.1915131803776,59.1915131803776,59.1915131803776,59.1915131803776,59.1915131803776,59.1915131803776,-0.3,-0.3,-0.3,-0.3,-0.3,-0.3,-0.3,-0.3,-0.3,-0.3,-0.3,-0.3
GLF,NH3,L,0,0.017345283622026732,0.034690567244053463,0.08671203967634486,0.13873351210863627,0.19075498454092768,0.2427764569732191,0.2427764569732191,0.2427764569732191,0.2427764569732191,0.2427764569732191,0.2427764569732191,100,104.9889827403025,109.977965480605,96.7140458019359,83.4501261232668,70.1862064445977,56.9222867659286,56.9222867659286,56.9222867659286,56.9222867659286,56.9222867659286,56.9222867659286,-0.3,-0.3,-0.3,-0.3,-0.3,-0.3,-0.3,-0.3,-0.3,-0.3,-0.3,-0.3
CAS,NH3,L,0,0.0017345283622026732,0.0034690567244053463,0.03901826108928687,0.0745674654541684,0.11011666981904993,0.14566587418393145,0.14566587418393145,0.14566587418393145,0.14566587418393145,0.14566587418393145,0.14566587418393145,100,101.7948791701235,103.589758340247,93.14637831000039,82.70299827975376,72.25961824950713,61.8162382192605,61.8162382192605,61.8162382192605,61.8162382192605,61.8162382192605,61.8162382192605,-0.3,-0.3,-0.3,-0.3,-0.3,-0.3,-0.3,-0.3,-0.3,-0.3,-0.3,-0.3
CEE,NH3,L,0,0.026017925433040098,0.052035850866080195,0.08758217954420397,0.12312850822232774,0.1586748369004515,0.19422116557857527,0.19422116557857527,0.19422116557857527,0.19422116557857527,0.19422116557857527,0.19422116557857527,100,104.43005751985851,108.860115039717,96.69191252999732,84.52371002027765,72.35550751055797,60.1873050008383,60.1873050008383,60.1873050008383,60.1873050008383,60.1873050008383,60.1873050008383,-0.3,-0.3,-0.3,-0.3,-0.3,-0.3,-0.3,-0.3,-0.3,-0.3,-0.3,-0.3
NOE,NH3,L,0,0.008672641811013366,0.017345283622026732,0.025147785565181,0.03295028750833527,0.040752789451489545,0.04855529139464382,0.04855529139464382,0.04855529139464382,0.04855529139464382,0.04855529139464382,0.04855529139464382,100,104.84723786214201,109.694475724284,97.47260046640963,85.25072520853524,73.02884995066087,60.8069746927865,60.8069746927865,60.8069746927865,60.8069746927865,60.8069746927865,60.8069746927865,-0.3,-0.3,-0.3,-0.3,-0.3,-0.3,-0.3,-0.3,-0.3,-0.3,-0.3,-0.3
BRI,NH3,L,0,0.017345283622026732,0.034690567244053463,0.05636498255469249,0.07803939786533151,0.09971381317597053,0.12138822848660955,0.12138822848660955,0.12138822848660955,0.12138822848660955,0.12138822848660955,0.12138822848660955,100,104.419017658681,108.838035317362,96.6713129083946,84.5045904994272,72.33786809045979,60.1711456814924,60.1711456814924,60.1711456814924,60.1711456814924,60.1711456814924,60.1711456814924,-0.3,-0.3,-0.3,-0.3,-0.3,-0.3,-0.3,-0.3,-0.3,-0.3,-0.3,-0.3
USA,NH3,L,0,0.052035850866080195,0.10407170173216039,0.1873031819370689,0.2705346621419774,0.35376614234688597,0.4369976225517945,0.4369976225517945,0.4369976225517945,0.4369976225517945,0.4369976225517945,0.4369976225517945,100,104.479270880538,108.958541761076,97.10820262076675,85.2578634804575,73.40752434014826,61.557185199839,61.557185199839,61.557185199839,61.557185199839,61.557185199839,61.557185199839,-0.3,-0.3,-0.3,-0.3,-0.3,-0.3,-0.3,-0.3,-0.3,-0.3,-0.3,-0.3
CAN,NH3,L,0,0.017345283622026732,0.034690567244053463,0.044226159706031526,0.053761752168009595,0.06329734462998766,0.07283293709196573,0.07283293709196573,0.07283293709196573,0.07283293709196573,0.07283293709196573,0.07283293709196573,100,104.35022598242449,108.700451964849,96.77284239197073,84.84523281909244,72.91762324621418,60.9900136733359,60.9900136733359,60.9900136733359,60.9900136733359,60.9900136733359,60.9900136733359,-0.3,-0.3,-0.3,-0.3,-0.3,-0.3,-0.3,-0.3,-0.3,-0.3,-0.3,-0.3
ANZ,NH3,L,0,0.008672641811013366,0.017345283622026732,0.03121719698951148,0.045089110356996226,0.058961023724480977,0.07283293709196573,0.07283293709196573,0.07283293709196573,0.07283293709196573,0.07283293709196573,0.07283293709196573,100,105.97192449297799,111.943848985956,99.14905329907972,86.35425761220344,73.55946192532717,60.7646662384509,60.7646662384509,60.7646662384509,60.7646662384509,60.7646662384509,60.7646662384509,-0.3,-0.3,-0.3,-0.3,-0.3,-0.3,-0.3,-0.3,-0.3,-0.3,-0.3,-0.3
PAC,NH3,H,0,0.017345283622026732,0.034690567244053463,0.09885086252500583,0.16301115780595818,0.22717145308691056,0.2913317483678629,0.2913317483678629,0.2913317483678629,0.2913317483678629,0.2913317483678629,0.2913317483678629,100,112.8036024359795,125.607204871959,110.79690922079678,95.98661356963456,81.17631791847234,66.3660222673101,66.3660222673101,66.3660222673101,66.3660222673101,66.3660222673101,66.3660222673101,-0.3,-0.3,-0.3,-0.3,-0.3,-0.3,-0.3,-0.3,-0.3,-0.3,-0.3,-0.3
SWA,NH3,H,0,0.008672641811013366,0.017345283622026732,0.03121719698951148,0.045089110356996226,0.058961023724480977,0.07283293709196573,0.07283293709196573,0.07283293709196573,0.07283293709196573,0.07283293709196573,0.07283293709196573,100,111.138236172354,122.276472344708,108.49275100697632,94.70902966924464,80.92530833151298,67.1415869937813,67.1415869937813,67.1415869937813,67.1415869937813,67.1415869937813,67.1415869937813,-0.3,-0.3,-0.3,-0.3,-0.3,-0.3,-0.3,-0.3,-0.3,-0.3,-0.3,-0.3
SEA,NH3,H,0,0.008672641811013366,0.017345283622026732,0.049425431262502914,0.08150557890297909,0.11358572654345528,0.14566587418393145,0.14566587418393145,0.14566587418393145,0.14566587418393145,0.14566587418393145,0.14566587418393145,100,109.269085109595,118.53817021919,105.23768925919993,91.93720829920986,78.63672733921979,65.3362463792297,65.3362463792297,65.3362463792297,65.3362463792297,65.3362463792297,65.3362463792297,-0.3,-0.3,-0.3,-0.3,-0.3,-0.3,-0.3,-0.3,-0.3,-0.3,-0.3,-0.3
SEE,NH3,H,0,0.017345283622026732,0.034690567244053463,0.050295571130362,0.06590057501667054,0.08150557890297909,0.09711058278928764,0.09711058278928764,0.09711058278928764,0.09711058278928764,0.09711058278928764,0.09711058278928764,100,111.42514137522599,122.850282750452,108.58435388383927,94.31842501722655,80.05249615061382,65.7865672840011,65.7865672840011,65.7865672840011,65.7865672840011,65.7865672840011,65.7865672840011,-0.3,-0.3,-0.3,-0.3,-0.3,-0.3,-0.3,-0.3,-0.3,-0.3,-0.3,-0.3
IND,NH3,H,0,0.017345283622026732,0.034690567244053463,0.14740615391964965,0.26012174059524584,0.372837327270842,0.4855529139464382,0.4855529139464382,0.4855529139464382,0.4855529139464382,0.4855529139464382,0.4855529139464382,100,111.882915339337,123.765830678674,108.98622431712606,94.20661795557811,79.42701159403015,64.6474052324822,64.6474052324822,64.6474052324822,64.6474052324822,64.6474052324822,64.6474052324822,-0.3,-0.3,-0.3,-0.3,-0.3,-0.3,-0.3,-0.3,-0.3,-0.3,-0.3,-0.3
CHN,NH3,H,0,0.052035850866080195,0.10407170173216039,0.26013611902903466,0.4162005363259089,0.5722649536227832,0.7283293709196574,0.7283293709196574,0.7283293709196574,0.7283293709196574,0.7283293709196574,0.7283293709196574,100,113.05587750388,126.11175500776,111.32248743586419,96.5332198639684,81.7439522920726,66.9546847201768,66.9546847201768,66.9546847201768,66.9546847201768,66.9546847201768,66.9546847201768,-0.3,-0.3,-0.3,-0.3,-0.3,-0.3,-0.3,-0.3,-0.3,-0.3,-0.3,-0.3
LEV,NH3,H,0,0.008672641811013366,0.017345283622026732,0.06156425411116387,0.105783224600301,0.15000219508943813,0.19422116557857527,0.19422116557857527,0.19422116557857527,0.19422116557857527,0.19422116557857527,0.19422116557857527,100,111.137828537313,122.275657074626,108.10871638052035,93.9417756864147,79.77483499230905,65.6078942982034,65.6078942982034,65.6078942982034,65.6078942982034,65.6078942982034,65.6078942982034,-0.3,-0.3,-0.3,-0.3,-0.3,-0.3,-0.3,-0.3,-0.3,-0.3,-0.3,-0.3
EAF,NH3,H,0,0.008672641811013366,0.017345283622026732,0.049425431262502914,0.08150557890297909,0.11358572654345528,0.14566587418393145,0.14566587418393145,0.14566587418393145,0.14566587418393145,0.14566587418393145,0.14566587418393145,100,110.742439412476,121.484878824952,107.39516872738368,93.30545862981535,79.21574853224703,65.1260384346787,65.1260384346787,65.1260384346787,65.1260384346787,65.1260384346787,65.1260384346787,-0.3,-0.3,-0.3,-0.3,-0.3,-0.3,-0.3,-0.3,-0.3,-0.3,-0.3,-0.3
IRN,NH3,H,0,0.008672641811013366,0.017345283622026732,0.049425431262502914,0.08150557890297909,0.11358572654345528,0.14566587418393145,0.14566587418393145,0.14566587418393145,0.14566587418393145,0.14566587418393145,0.14566587418393145,100,111.904668828396,123.809337656792,108.8830229315241,93.9567082062562,79.0303934809883,64.1040787557204,64.1040787557204,64.1040787557204,64.1040787557204,64.1040787557204,64.1040787557204,-0.3,-0.3,-0.3,-0.3,-0.3,-0.3,-0.3,-0.3,-0.3,-0.3,-0.3,-0.3
SWE,NH3,H,0,0.017345283622026732,0.034690567244053463,0.06243439397902296,0.09017822071399245,0.11792204744896195,0.14566587418393145,0.14566587418393145,0.14566587418393145,0.14566587418393145,0.14566587418393145,0.14566587418393145,100,111.17583349760551,122.351666995211,108.54710416432249,94.74254133343396,80.93797850254543,67.1334156716569,67.1334156716569,67.1334156716569,67.1334156716569,67.1334156716569,67.1334156716569,-0.3,-0.3,-0.3,-0.3,-0.3,-0.3,-0.3,-0.3,-0.3,-0.3,-0.3,-0.3
JSK,NH3,H,0,0.026017925433040098,0.052035850866080195,0.08151276811987349,0.11098968537366678,0.14046660262746008,0.16994351988125336,0.16994351988125336,0.16994351988125336,0.16994351988125336,0.16994351988125336,0.16994351988125336,100,113.5408926094875,127.081785218975,112.15224624077925,97.2227072625835,82.29316828438775,67.363629306192,67.363629306192,67.363629306192,67.363629306192,67.363629306192,67.363629306192,-0.3,-0.3,-0.3,-0.3,-0.3,-0.3,-0.3,-0.3,-0.3,-0.3,-0.3,-0.3
NAF,NH3,H,0,0.008672641811013366,0.017345283622026732,0.07977248838415531,0.1421996931462839,0.20462689790841246,0.267054102670541,0.267054102670541,0.267054102670541,0.267054102670541,0.267054102670541,0.267054102670541,100,110.9522928463245,121.904585692649,108.02511011552411,94.14563453839925,80.26615896127439,66.3866833841495,66.3866833841495,66.3866833841495,66.3866833841495,66.3866833841495,66.3866833841495,-0.3,-0.3,-0.3,-0.3,-0.3,-0.3,-0.3,-0.3,-0.3,-0.3,-0.3,-0.3
CEA,NH3,H,0,0.008672641811013366,0.017345283622026732,0.049425431262502914,0.08150557890297909,0.11358572654345528,0.14566587418393145,0.14566587418393145,0.14566587418393145,0.14566587418393145,0.14566587418393145,0.14566587418393145,100,111.99621863442,123.99243726884,110.31712391806616,96.64181056729231,82.96649721651846,69.2911838657446,69.2911838657446,69.2911838657446,69.2911838657446,69.2911838657446,69.2911838657446,-0.3,-0.3,-0.3,-0.3,-0.3,-0.3,-0.3,-0.3,-0.3,-0.3,-0.3,-0.3
WAF,NH3,H,0,0.008672641811013366,0.017345283622026732,0.06156425411116387,0.105783224600301,0.15000219508943813,0.19422116557857527,0.19422116557857527,0.19422116557857527,0.19422116557857527,0.19422116557857527,0.19422116557857527,100,109.466116673281,118.932233346562,106.06973563994848,93.20723793333495,80.34474022672143,67.4822425201079,67.4822425201079,67.4822425201079,67.4822425201079,67.4822425201079,67.4822425201079,-0.3,-0.3,-0.3,-0.3,-0.3,-0.3,-0.3,-0.3,-0.3,-0.3,-0.3,-0.3
EAS,NH3,H,0,0.017345283622026732,0.034690567244053463,0.09885086252500583,0.16301115780595818,0.22717145308691056,0.2913317483678629,0.2913317483678629,0.2913317483678629,0.2913317483678629,0.2913317483678629,0.2913317483678629,100,112.7819152208845,125.563830441769,110.74017626903458,95.91652209630016,81.09286792356573,66.2692137508313,66.2692137508313,66.2692137508313,66.2692137508313,66.2692137508313,66.2692137508313,-0.3,-0.3,-0.3,-0.3,-0.3,-0.3,-0.3,-0.3,-0.3,-0.3,-0.3,-0.3
EAE,NH3,H,0,0.008672641811013366,0.017345283622026732,0.049425431262502914,0.08150557890297909,0.11358572654345528,0.14566587418393145,0.14566587418393145,0.14566587418393145,0.14566587418393145,0.14566587418393145,0.14566587418393145,100,111.4505781742385,122.901156348477,108.97106748894693,95.04097862941686,81.11088976988677,67.1808009103567,67.1808009103567,67.1808009103567,67.1808009103567,67.1808009103567,67.1808009103567,-0.3,-0.3,-0.3,-0.3,-0.3,-0.3,-0.3,-0.3,-0.3,-0.3,-0.3,-0.3
RUS,NH3,H,0,0.0017345283622026732,0.0034690567244053463,0.04508767251361735,0.08670628830282935,0.12832490409204136,0.16994351988125336,0.16994351988125336,0.16994351988125336,0.16994351988125336,0.16994351988125336,0.16994351988125336,100,112.1437831267325,124.287566253465,110.34834683948063,96.40912742549625,82.46990801151188,68.5306885975275,68.5306885975275,68.5306885975275,68.5306885975275,68.5306885975275,68.5306885975275,-0.3,-0.3,-0.3,-0.3,-0.3,-0.3,-0.3,-0.3,-0.3,-0.3,-0.3,-0.3
SAF,NH3,H,0,0.008672641811013366,0.017345283622026732,0.04335601983817243,0.06936675605431813,0.09537749227046384,0.12138822848660955,0.12138822848660955,0.12138822848660955,0.12138822848660955,0.12138822848660955,0.12138822848660955,100,110.842175847617,121.684351695234,107.79495573970237,93.90555978417075,80.01616382863912,66.1267678731075,66.1267678731075,66.1267678731075,66.1267678731075,66.1267678731075,66.1267678731075,-0.3,-0.3,-0.3,-0.3,-0.3,-0.3,-0.3,-0.3,-0.3,-0.3,-0.3,-0.3
GLF,NH3,H,0,0.017345283622026732,0.034690567244053463,0.08671203967634486,0.13873351210863627,0.19075498454092768,0.2427764569732191,0.2427764569732191,0.2427764569732191,0.2427764569732191,0.2427764569732191,0.2427764569732191,100,112.024470649951,124.048941299902,108.97177193115515,93.8946025624083,78.81743319366144,63.7402638249146,63.7402638249146,63.7402638249146,63.7402638249146,63.7402638249146,63.7402638249146,-0.3,-0.3,-0.3,-0.3,-0.3,-0.3,-0.3,-0.3,-0.3,-0.3,-0.3,-0.3
CAS,NH3,H,0,0.0017345283622026732,0.0034690567244053463,0.03901826108928687,0.0745674654541684,0.11011666981904993,0.14566587418393145,0.14566587418393145,0.14566587418393145,0.14566587418393145,0.14566587418393145,0.14566587418393145,100,114.8087489081165,129.617497816233,118.99822413003065,108.3789504438283,97.75967675762595,87.1404030714236,87.1404030714236,87.1404030714236,87.1404030714236,87.1404030714236,87.1404030714236,-0.3,-0.3,-0.3,-0.3,-0.3,-0.3,-0.3,-0.3,-0.3,-0.3,-0.3,-0.3
CEE,NH3,H,0,0.026017925433040098,0.052035850866080195,0.08758217954420397,0.12312850822232774,0.1586748369004515,0.19422116557857527,0.19422116557857527,0.19422116557857527,0.19422116557857527,0.19422116557857527,0.19422116557857527,100,111.20415713142549,122.408314262851,108.59974169108463,94.79116911931825,80.98259654755188,67.1740239757855,67.1740239757855,67.1740239757855,67.1740239757855,67.1740239757855,67.1740239757855,-0.3,-0.3,-0.3,-0.3,-0.3,-0.3,-0.3,-0.3,-0.3,-0.3,-0.3,-0.3
NOE,NH3,H,0,0.008672641811013366,0.017345283622026732,0.025147785565181,0.03295028750833527,0.040752789451489545,0.04855529139464382,0.04855529139464382,0.04855529139464382,0.04855529139464382,0.04855529139464382,0.04855529139464382,100,111.6520784660845,123.304156932169,109.43454752241557,95.56493811266215,81.69532870290872,67.8257192931553,67.8257192931553,67.8257192931553,67.8257192931553,67.8257192931553,67.8257192931553,-0.3,-0.3,-0.3,-0.3,-0.3,-0.3,-0.3,-0.3,-0.3,-0.3,-0.3,-0.3
BRI,NH3,H,0,0.017345283622026732,0.034690567244053463,0.05636498255469249,0.07803939786533151,0.09971381317597053,0.12138822848660955,0.12138822848660955,0.12138822848660955,0.12138822848660955,0.12138822848660955,0.12138822848660955,100,111.19230377003049,122.384607540061,108.57771303360246,94.77081852714394,80.96392402068543,67.1570295142269,67.1570295142269,67.1570295142269,67.1570295142269,67.1570295142269,67.1570295142269,-0.3,-0.3,-0.3,-0.3,-0.3,-0.3,-0.3,-0.3,-0.3,-0.3,-0.3,-0.3
USA,NH3,H,0,0.052035850866080195,0.10407170173216039,0.1873031819370689,0.2705346621419774,0.35376614234688597,0.4369976225517945,0.4369976225517945,0.4369976225517945,0.4369976225517945,0.4369976225517945,0.4369976225517945,100,111.2569969033425,122.513993806685,108.94028319972425,95.3665725927635,81.79286198580274,68.219151378842,68.219151378842,68.219151378842,68.219151378842,68.219151378842,68.219151378842,-0.3,-0.3,-0.3,-0.3,-0.3,-0.3,-0.3,-0.3,-0.3,-0.3,-0.3,-0.3
CAN,NH3,H,0,0.017345283622026732,0.034690567244053463,0.044226159706031526,0.053761752168009595,0.06329734462998766,0.07283293709196573,0.07283293709196573,0.07283293709196573,0.07283293709196573,0.07283293709196573,0.07283293709196573,100,111.1184430045805,122.236886009161,108.68221901979513,95.12755203042926,81.57288504106339,68.0182180516975,68.0182180516975,68.0182180516975,68.0182180516975,68.0182180516975,68.0182180516975,-0.3,-0.3,-0.3,-0.3,-0.3,-0.3,-0.3,-0.3,-0.3,-0.3,-0.3,-0.3
ANZ,NH3,H,0,0.008672641811013366,0.017345283622026732,0.03121719698951148,0.045089110356996226,0.058961023724480977,0.07283293709196573,0.07283293709196573,0.07283293709196573,0.07283293709196573,0.07283293709196573,0.07283293709196573,100,112.859640486648,125.719280973296,111.23476679599506,96.7502526186941,82.26573844139315,67.7812242640922,67.7812242640922,67.7812242640922,67.7812242640922,67.7812242640922,67.7812242640922,-0.3,-0.3,-0.3,-0.3,-0.3,-0.3,-0.3,-0.3,-0.3,-0.3,-0.3,-0.3
